"Date de début";"Date de fin";"Organisme";"code zas";"Zas";"code site";"nom site";"type d'implantation";"Polluant";"type d'influence";"Réglementaire";"type d'évaluation";"type de valeur";"valeur";"valeur brute";"unité de mesure";"taux de saisie";"couverture temporelle";"couverture de données";"code qualité";"validité";"Latitude";"Longitude"
"2025/01/01 00:00:00";"2025/12/31 23:59:59";"ATMO GRAND EST";"FR44ZAG02";"ZAG METZ";"FR01011";"Metz-Centre";"Urbaine";"PM10";"Fond";"Oui";"mesures fixes";"Moy. annuelle";"14.0";"14.382744845360813";"µg-m3";"98.0";"90.0";"89.0";"R";"1";"49.119442";"6.180833"
"2025/01/01 00:00:00";"2025/12/31 23:59:59";"ATMO GRAND EST";"FR44ZAG02";"ZAG METZ";"FR01012";"Metz-Borny";"Urbaine";"PM10";"Fond";"Oui";"mesures fixes";"Moy. annuelle";"12.0";"12.01663352438883";"µg-m3";"98.0";"99.0";"98.0";"R";"1";"49.110283";"6.223336"
"2025/01/01 00:00:00";"2025/12/31 23:59:59";"ATMO GRAND EST";"FR44ZRE01";"ZR GRAND-EST";"FR01014";"Pont-à-Mousson";"Urbaine";"PM10";"Fond";"Oui";"mesures fixes";"Moy. annuelle";"14.0";"13.888037058482919";"µg-m3";"99.0";"100.0";"99.0";"R";"1";"48.915";"6.058336"
"2025/01/01 00:00:00";"2025/12/31 23:59:59";"ATMO GRAND EST";"FR44ZAG02";"ZAG METZ";"FR01020";"Thionville-Centre";"Urbaine";"PM10";"Fond";"Oui";"mesures fixes";"Moy. annuelle";"14.0";"14.371638285378761";"µg-m3";"98.0";"99.0";"97.0";"R";"1";"49.358337";"6.156942"
"2025/01/01 00:00:00";"2025/12/31 23:59:59";"ATMO GRAND EST";"FR44ZAG02";"ZAG METZ";"FR01059";"HAYANGE-MARSPICH";"Périurbaine";"PM10";"Industrielle";"Oui";"mesures fixes";"Moy. annuelle";"14.0";"14.22126087474681";"µg-m3";"96.0";"99.0";"96.0";"R";"1";"49.3374";"6.08207"
"2025/01/01 00:00:00";"2025/12/31 23:59:59";"ATMO GRAND EST";"FR44ZAG02";"ZAG METZ";"FR01064";"Metz- Pont Grilles";"Urbaine";"PM10";"Trafic";"Oui";"mesures fixes";"Moy. annuelle";"15.0";"14.74881229622718";"µg-m3";"98.0";"100.0";"98.0";"R";"1";"49.12508";"6.181219"
"2025/01/01 00:00:00";"2025/12/31 23:59:59";"ATMO SUD";"FR93ZAG01";"ZAG MARSEILLE-AIX";"FR02008";"Port de Bouc Leque";"Urbaine";"PM10";"Industrielle";"Oui";"mesures fixes";"Moy. annuelle";"19.0";"19.311227084169747";"µg-m3";"86.0";"99.0";"85.0";"R";"1";"43.401952";"4.981919"
"2025/01/01 00:00:00";"2025/12/31 23:59:59";"ATMO SUD";"FR93ZRE02";"ZR PROVENCE-ALPES-COTE-D-AZUR";"FR02022";"Arles";"Urbaine";"PM10";"Fond";"Oui";"mesures fixes";"Moy. annuelle";"18.0";"17.52879047945986";"µg-m3";"100.0";"100.0";"100.0";"R";"1";"43.675114";"4.62921"
"2025/01/01 00:00:00";"2025/12/31 23:59:59";"ATMO SUD";"FR93ZAG01";"ZAG MARSEILLE-AIX";"FR02029";"Chateauneuf La Mede";"Périurbaine";"PM10";"Industrielle";"Oui";"mesures fixes";"Moy. annuelle";"39.0";"38.8375";"µg-m3";"100.0";"0.0";"0.0";"N";"-1";"43.399546";"5.113214"
"2025/01/01 00:00:00";"2025/12/31 23:59:59";"ATMO SUD";"FR93ZAG01";"ZAG MARSEILLE-AIX";"FR02041";"SALON";"Urbaine";"PM10";"Fond";"Oui";"mesures fixes";"Moy. annuelle";"13.0";"13.201794080676539";"µg-m3";"100.0";"100.0";"100.0";"R";"1";"43.639002";"5.101097"
"2025/01/01 00:00:00";"2025/12/31 23:59:59";"ATMO SUD";"FR93ZAG01";"ZAG MARSEILLE-AIX";"FR02043";"Marignane";"Urbaine";"PM10";"Fond";"Oui";"mesures fixes";"Moy. annuelle";"17.0";"17.353522415370588";"µg-m3";"100.0";"100.0";"100.0";"R";"1";"43.4165306";"5.222281"
"2025/01/01 00:00:00";"2025/12/31 23:59:59";"ATMO SUD";"FR93ZAG01";"ZAG MARSEILLE-AIX";"FR03006";"MARSEILLE RABATAU";"Urbaine";"PM10";"Trafic";"Oui";"mesures fixes";"Moy. annuelle";"21.0";"21.344057834724296";"µg-m3";"97.0";"100.0";"97.0";"R";"1";"43.276451";"5.39736"
"2025/01/01 00:00:00";"2025/12/31 23:59:59";"ATMO SUD";"FR93ZAG01";"ZAG MARSEILLE-AIX";"FR03014";"MARSEILLE ST LOUIS";"Urbaine";"PM10";"Fond";"Oui";"mesures fixes";"Moy. annuelle";"17.0";"16.659951512352762";"µg-m3";"99.0";"100.0";"99.0";"R";"1";"43.348048";"5.360119"
"2025/01/01 00:00:00";"2025/12/31 23:59:59";"ATMO SUD";"FR93ZRE02";"ZR PROVENCE-ALPES-COTE-D-AZUR";"FR03027";"PLAN AUPS/STE  BAUME";"Rurale près des villes";"PM10";"Fond";"Oui";"mesures fixes";"Moy. annuelle";"11.0";"11.021193652253904";"µg-m3";"99.0";"100.0";"99.0";"R";"1";"43.335201";"5.727365"
"2025/01/01 00:00:00";"2025/12/31 23:59:59";"ATMO SUD";"FR93ZAG01";"ZAG MARSEILLE-AIX";"FR03029";"AIX CENTRE ECOLE ART";"Urbaine";"PM10";"Fond";"Oui";"mesures fixes";"Moy. annuelle";"13.0";"12.799199817101021";"µg-m3";"100.0";"100.0";"100.0";"R";"1";"43.530285";"5.440912"
"2025/01/01 00:00:00";"2025/12/31 23:59:59";"ATMO SUD";"FR93ZAG01";"ZAG MARSEILLE-AIX";"FR03030";"GARDANNE";"Périurbaine";"PM10";"Industrielle";"Oui";"mesures fixes";"Moy. annuelle";"19.0";"18.93357800447872";"µg-m3";"92.0";"100.0";"92.0";"R";"1";"43.453584";"5.466672"
"2025/01/01 00:00:00";"2025/12/31 23:59:59";"ATMO SUD";"FR93ZAG01";"ZAG MARSEILLE-AIX";"FR03043";"MARSEILLE 5 AVENUES";"Urbaine";"PM10";"Fond";"Oui";"mesures fixes";"Moy. annuelle";"16.0";"16.327067758395636";"µg-m3";"97.0";"99.0";"96.0";"R";"1";"43.305287";"5.394716"
"2025/01/01 00:00:00";"2025/12/31 23:59:59";"ATMO SUD";"FR93ZRE02";"ZR PROVENCE-ALPES-COTE-D-AZUR";"FR03067";"BRIGNOLES";"Périurbaine";"PM10";"Fond";"Oui";"mesures fixes";"Moy. annuelle";"16.0";"16.288485385296724";"µg-m3";"52.0";"25.0";"13.0";"N";"-1";"43.398731";"6.075611"
"2025/01/01 00:00:00";"2025/12/31 23:59:59";"ATMO SUD";"FR93ZAG03";"ZAG TOULON";"FR03068";"TOULON FOCH";"Urbaine";"PM10";"Trafic";"Oui";"mesures fixes";"Moy. annuelle";"24.0";"23.616185304990847";"µg-m3";"99.0";"100.0";"99.0";"R";"1";"43.126821";"5.921605"
"2025/01/01 00:00:00";"2025/12/31 23:59:59";"ATMO SUD";"FR93ZRE02";"ZR PROVENCE-ALPES-COTE-D-AZUR";"FR03070";"ESTEREL";"Périurbaine";"PM10";"Fond";"Oui";"mesures fixes";"Moy. annuelle";"16.0";"16.243378887841626";"µg-m3";"97.0";"100.0";"97.0";"R";"1";"43.437874";"6.76839"
"2025/01/01 00:00:00";"2025/12/31 23:59:59";"ATMO SUD";"FR93ZAG03";"ZAG TOULON";"FR03071";"TOULON CLARET";"Urbaine";"PM10";"Fond";"Oui";"mesures fixes";"Moy. annuelle";"18.0";"17.767109365977586";"µg-m3";"99.0";"100.0";"99.0";"R";"1";"43.131113";"5.924184"
"2025/01/01 00:00:00";"2025/12/31 23:59:59";"ATMO SUD";"FR93ZAG04";"ZAG AVIGNON";"FR03080";"AVIGNON   MAIRIE";"Urbaine";"PM10";"Fond";"Oui";"mesures fixes";"Moy. annuelle";"15.0";"15.360747021081536";"µg-m3";"100.0";"100.0";"100.0";"R";"1";"43.949673";"4.804341"
"2025/01/01 00:00:00";"2025/12/31 23:59:59";"ATMO SUD";"FR93ZAG04";"ZAG AVIGNON";"FR03091";"Avignon Rocade De Gaulle";"Urbaine";"PM10";"Trafic";"Oui";"mesures fixes";"Moy. annuelle";"27.0";"26.56207272727278";"µg-m3";"94.0";"100.0";"94.0";"R";"1";"43.9314";"4.826875"
"2025/01/01 00:00:00";"2025/12/31 23:59:59";"AIRPARIF";"FR11ZAG01";"ZAG PARIS";"FR04002";"GENNEVILLIERS";"Urbaine";"PM10";"Fond";"Oui";"mesures fixes";"Moy. annuelle";"16.0";"16.253258246178603";"µg-m3";"88.0";"97.0";"85.0";"R";"1";"48.930319";"2.29435"
"2025/01/01 00:00:00";"2025/12/31 23:59:59";"AIRPARIF";"FR11ZAG01";"ZAG PARIS";"FR04004";"PARIS 18eme";"Urbaine";"PM10";"Fond";"Oui";"mesures fixes";"Moy. annuelle";"17.0";"17.217673014398503";"µg-m3";"98.0";"100.0";"98.0";"R";"1";"48.891666";"2.346667"
"2025/01/01 00:00:00";"2025/12/31 23:59:59";"AIRPARIF";"FR11ZAG01";"ZAG PARIS";"FR04012";"Place Victor Basch";"Urbaine";"PM10";"Trafic";"Oui";"mesures fixes";"Moy. annuelle";"23.0";"22.752421250587727";"µg-m3";"97.0";"100.0";"97.0";"R";"1";"48.827778";"2.3275"
"2025/01/01 00:00:00";"2025/12/31 23:59:59";"AIRPARIF";"FR11ZAG01";"ZAG PARIS";"FR04023";"CERGY-PONTOISE";"Urbaine";"PM10";"Fond";"Oui";"mesures fixes";"Moy. annuelle";"15.0";"15.385077385077405";"µg-m3";"99.0";"100.0";"99.0";"R";"1";"49.04639";"2.043056"
"2025/01/01 00:00:00";"2025/12/31 23:59:59";"AIRPARIF";"FR11ZAG01";"ZAG PARIS";"FR04034";"VITRY-SUR-SEINE";"Urbaine";"PM10";"Fond";"Oui";"mesures fixes";"Moy. annuelle";"16.0";"15.670746577706176";"µg-m3";"99.0";"100.0";"99.0";"R";"1";"48.775897";"2.375788"
"2025/01/01 00:00:00";"2025/12/31 23:59:59";"AIRPARIF";"FR11ZRE01";"ZR ILE-DE-FRANCE";"FR04048";"Zone Rurale Nord";"Rurale régionale";"PM10";"Fond";"Oui";"mesures fixes";"Moy. annuelle";"12.0";"11.938406728185987";"µg-m3";"98.0";"100.0";"98.0";"R";"1";"49.100277";"2.343889"
"2025/01/01 00:00:00";"2025/12/31 23:59:59";"AIRPARIF";"FR11ZAG01";"ZAG PARIS";"FR04055";"PARIS 1er Les Halles";"Urbaine";"PM10";"Fond";"Oui";"mesures fixes";"Moy. annuelle";"18.0";"17.95301822323466";"µg-m3";"60.0";"100.0";"60.0";"N";"-1";"48.86212";"2.344616"
"2025/01/01 00:00:00";"2025/12/31 23:59:59";"AIRPARIF";"FR11ZAG01";"ZAG PARIS";"FR04058";"Auto A1 -Saint-Denis";"Urbaine";"PM10";"Trafic";"Oui";"mesures fixes";"Moy. annuelle";"30.0";"29.54603325415676";"µg-m3";"96.0";"100.0";"96.0";"R";"1";"48.925278";"2.356667"
"2025/01/01 00:00:00";"2025/12/31 23:59:59";"AIRPARIF";"FR11ZRE01";"ZR ILE-DE-FRANCE";"FR04066";"Zone rurale Sud";"Rurale régionale";"PM10";"Fond";"Oui";"mesures fixes";"Moy. annuelle";"11.0";"11.172324123519845";"µg-m3";"98.0";"100.0";"98.0";"R";"1";"48.364166";"2.236944"
"2025/01/01 00:00:00";"2025/12/31 23:59:59";"AIRPARIF";"FR11ZAG01";"ZAG PARIS";"FR04098";"LOGNES";"Urbaine";"PM10";"Fond";"Oui";"mesures fixes";"Moy. annuelle";"15.0";"15.385627766130948";"µg-m3";"98.0";"100.0";"98.0";"R";"1";"48.84028";"2.635278"
"2025/01/01 00:00:00";"2025/12/31 23:59:59";"AIRPARIF";"FR11ZAG01";"ZAG PARIS";"FR04099";"NOGENT-SUR-MARNE";"Urbaine";"PM10";"Fond";"Oui";"mesures fixes";"Moy. annuelle";"15.0";"15.41039825686955";"µg-m3";"94.0";"100.0";"94.0";"R";"1";"48.840557";"2.484444"
"2025/01/01 00:00:00";"2025/12/31 23:59:59";"AIRPARIF";"FR11ZAG01";"ZAG PARIS";"FR04118";"Place de l'Opéra";"Urbaine";"PM10";"Trafic";"Oui";"mesures fixes";"Moy. annuelle";"21.0";"20.62951961862847";"µg-m3";"93.0";"100.0";"93.0";"R";"1";"48.870274";"2.3325"
"2025/01/01 00:00:00";"2025/12/31 23:59:59";"AIRPARIF";"FR11ZAG01";"ZAG PARIS";"FR04122";"RN6-MELUN";"Périurbaine";"PM10";"Trafic";"Oui";"mesures fixes";"Moy. annuelle";"22.0";"21.749575729396646";"µg-m3";"98.0";"100.0";"98.0";"R";"1";"48.528057";"2.653611"
"2025/01/01 00:00:00";"2025/12/31 23:59:59";"AIRPARIF";"FR11ZAG01";"ZAG PARIS";"FR04123";"RN2-PANTIN";"Urbaine";"PM10";"Trafic";"Oui";"mesures fixes";"Moy. annuelle";"25.0";"25.134740966477885";"µg-m3";"95.0";"83.0";"79.0";"N";"-1";"48.90222";"2.390833"
"2025/01/01 00:00:00";"2025/12/31 23:59:59";"AIRPARIF";"FR11ZAG01";"ZAG PARIS";"FR04131";"Boulevard Haussmann";"Urbaine";"PM10";"Trafic";"Oui";"mesures fixes";"Moy. annuelle";"22.0";"22.44069334574223";"µg-m3";"98.0";"100.0";"98.0";"R";"1";"48.873333";"2.330278"
"2025/01/01 00:00:00";"2025/12/31 23:59:59";"AIRPARIF";"FR11ZAG01";"ZAG PARIS";"FR04156";"BOBIGNY";"Urbaine";"PM10";"Fond";"Oui";"mesures fixes";"Moy. annuelle";"16.0";"15.85053359915566";"µg-m3";"98.0";"99.0";"97.0";"R";"1";"48.902504";"2.4525"
"2025/01/01 00:00:00";"2025/12/31 23:59:59";"AIRPARIF";"FR11ZRE01";"ZR ILE-DE-FRANCE";"FR04158";"Zone Rurale NO";"Rurale régionale";"PM10";"Fond";"Oui";"mesures fixes";"Moy. annuelle";"14.0";"13.544289531776501";"µg-m3";"98.0";"100.0";"98.0";"R";"1";"49.063087";"1.866381"
"2025/01/01 00:00:00";"2025/12/31 23:59:59";"AIRPARIF";"FR11ZRE01";"ZR ILE-DE-FRANCE";"FR04173";"RD934 Coulommiers";"Périurbaine";"PM10";"Trafic";"Oui";"mesures fixes";"Moy. annuelle";"19.0";"18.973900966183457";"µg-m3";"95.0";"100.0";"95.0";"R";"1";"48.8059";"3.084158"
"2025/01/01 00:00:00";"2025/12/31 23:59:59";"AIRPARIF";"FR11ZAG01";"ZAG PARIS";"FR04179";"PARIS Stade Lenglen";"Urbaine";"PM10";"Fond";"Oui";"mesures fixes";"Moy. annuelle";"15.0";"14.84906947173741";"µg-m3";"99.0";"100.0";"99.0";"R";"1";"48.830387";"2.269889"
"2025/01/01 00:00:00";"2025/12/31 23:59:59";"AIRPARIF";"FR11ZRE01";"ZR ILE-DE-FRANCE";"FR04181";"RAMBOUILLET";"Périurbaine";"PM10";"Fond";"Oui";"mesures fixes";"Moy. annuelle";"13.0";"13.045031055900587";"µg-m3";"99.0";"100.0";"99.0";"R";"1";"48.63373";"1.830529"
"2025/01/01 00:00:00";"2025/12/31 23:59:59";"AIRPARIF";"FR11ZAG01";"ZAG PARIS";"FR04319";"TREMBLAY-EN-FRANCE";"Périurbaine";"PM10";"Fond";"Oui";"mesures fixes";"Moy. annuelle";"14.0";"13.922314526364364";"µg-m3";"99.0";"100.0";"99.0";"R";"1";"48.95555";"2.575278"
"2025/01/01 00:00:00";"2025/12/31 23:59:59";"AIRPARIF";"FR11ZRE01";"ZR ILE-DE-FRANCE";"FR04328";"Zone Rurale SE";"Rurale régionale";"PM10";"Fond";"Oui";"mesures fixes";"Moy. annuelle";"11.0";"10.805596330275193";"µg-m3";"100.0";"100.0";"100.0";"R";"1";"48.3547";"2.6453"
"2025/01/01 00:00:00";"2025/12/31 23:59:59";"AIRPARIF";"FR11ZAG01";"ZAG PARIS";"FR04329";"Bld peripherique Est";"Urbaine";"PM10";"Trafic";"Oui";"mesures fixes";"Moy. annuelle";"25.0";"25.155033791656937";"µg-m3";"98.0";"100.0";"98.0";"R";"1";"48.838615";"2.412781"
"2025/01/01 00:00:00";"2025/12/31 23:59:59";"ATMO NORMANDIE";"FR28ZRE02";"ZR NORMANDIE";"FR05040";"Honfleur Sce Tech.";"Urbaine";"PM10";"Fond";"Oui";"mesures fixes";"Moy. annuelle";"16.0";"15.681011483586557";"µg-m3";"98.0";"100.0";"98.0";"R";"1";"49.415108";"0.2437"
"2025/01/01 00:00:00";"2025/12/31 23:59:59";"ATMO NORMANDIE";"FR28ZAR01";"ZAR LE-HAVRE";"FR05074";"Le Havre Ec. Herriot";"Urbaine";"PM10";"Fond";"Oui";"mesures fixes";"Moy. annuelle";"17.0";"16.924083649316273";"µg-m3";"99.0";"100.0";"99.0";"R";"1";"49.48963";"0.100703"
"2025/01/01 00:00:00";"2025/12/31 23:59:59";"ATMO NORMANDIE";"FR28ZAR01";"ZAR LE-HAVRE";"FR05083";"Gonfreville l Orcher";"Urbaine";"PM10";"Industrielle";"Oui";"mesures fixes";"Moy. annuelle";"14.0";"14.193854359925819";"µg-m3";"98.0";"100.0";"98.0";"R";"1";"49.50273";"0.232486"
"2025/01/01 00:00:00";"2025/12/31 23:59:59";"ATMO NORMANDIE";"FR28ZAR01";"ZAR LE-HAVRE";"FR05084";"NDGravenchon Pasteur";"Urbaine";"PM10";"Industrielle";"Oui";"mesures fixes";"Moy. annuelle";"13.0";"13.484031842659773";"µg-m3";"98.0";"100.0";"98.0";"R";"1";"49.493332";"0.571853"
"2025/01/01 00:00:00";"2025/12/31 23:59:59";"ATMO NORMANDIE";"FR28ZRE02";"ZR NORMANDIE";"FR05087";"Maison Parc Brotonne";"Rurale régionale";"PM10";"Fond";"Oui";"mesures fixes";"Moy. annuelle";"14.0";"14.354621519152944";"µg-m3";"88.0";"99.0";"87.0";"R";"1";"49.498417";"0.758697"
"2025/01/01 00:00:00";"2025/12/31 23:59:59";"ATMO NORMANDIE";"FR28ZAR01";"ZAR LE-HAVRE";"FR05089";"Le Havre Lafaurie-montant";"Urbaine";"PM10";"Trafic";"Oui";"mesures fixes";"Moy. annuelle";"20.0";"20.107054089241352";"µg-m3";"96.0";"100.0";"96.0";"R";"1";"49.500187";"0.110903"
"2025/01/01 00:00:00";"2025/12/31 23:59:59";"ATMO NORMANDIE";"FR28ZAR01";"ZAR LE-HAVRE";"FR05090";"Le Havre ville-haute";"Urbaine";"PM10";"Fond";"Oui";"mesures fixes";"Moy. annuelle";"16.0";"15.61688578941353";"µg-m3";"100.0";"100.0";"100.0";"R";"1";"49.514686";"0.100645"
"2025/01/01 00:00:00";"2025/12/31 23:59:59";"ATMO HAUTS DE FRANCE";"FR32ZAG01";"ZAG BLDV";"FR06001";"Valenciennes Acacias";"Urbaine";"PM10";"Fond";"Oui";"mesures indicatives";"Moy. annuelle";"14.0";"13.942272668975235";"µg-m3";;;;"R";"1";"50.35853";"3.50804"
"2025/01/01 00:00:00";"2025/12/31 23:59:59";"ATMO HAUTS DE FRANCE";"FR32ZAG01";"ZAG BLDV";"FR06003";"Douai Theuriet";"Urbaine";"PM10";"Fond";"Oui";"mesures fixes";"Moy. annuelle";"17.0";"16.557914782194725";"µg-m3";"96.0";"100.0";"96.0";"R";"1";"50.37822";"3.06586"
"2025/01/01 00:00:00";"2025/12/31 23:59:59";"ATMO HAUTS DE FRANCE";"FR32ZAG01";"ZAG BLDV";"FR06006";"Valenciennes Wallon";"Urbaine";"PM10";"Trafic";"Oui";"mesures fixes";"Moy. annuelle";"17.0";"17.27415078707536";"µg-m3";"98.0";"98.0";"96.0";"R";"1";"50.36425";"3.52273"
"2025/01/01 00:00:00";"2025/12/31 23:59:59";"ATMO HAUTS DE FRANCE";"FR32ZRE01";"ZR HAUTS-DE-FRANCE";"FR06007";"Maubeuge Joyeuse";"Urbaine";"PM10";"Fond";"Oui";"mesures indicatives";"Moy. annuelle";"13.0";"13.383933518005543";"µg-m3";;;;"N";"-1";"50.27936";"3.97691"
"2025/01/01 00:00:00";"2025/12/31 23:59:59";"ATMO HAUTS DE FRANCE";"FR32ZAG01";"ZAG BLDV";"FR06011";"Denain Villars";"Périurbaine";"PM10";"Fond";"Oui";"mesures fixes";"Moy. annuelle";"17.0";"16.802779392952722";"µg-m3";"99.0";"99.0";"98.0";"R";"1";"50.32276";"3.39593"
"2025/01/01 00:00:00";"2025/12/31 23:59:59";"ATMO HAUTS DE FRANCE";"FR32ZRE01";"ZR HAUTS-DE-FRANCE";"FR06133";"Cartignies";"Rurale près des villes";"PM10";"Fond";"Oui";"mesures fixes";"Moy. annuelle";"14.0";"13.905605035031469";"µg-m3";"99.0";"98.0";"96.0";"R";"1";"50.09225";"3.85003"
"2025/01/01 00:00:00";"2025/12/31 23:59:59";"ATMO AUVERGNE-RHÔNE-ALPES";"FR84ZAG04";"ZAG CLERMONT-FERRAND";"FR07004";"Montferrand";"Urbaine";"PM10";"Fond";"Oui";"mesures indicatives";"Moy. annuelle";"12.0";"11.97154639175258";"µg-m3";;;;"R";"1";"45.79728";"3.113833"
"2025/01/01 00:00:00";"2025/12/31 23:59:59";"ATMO AUVERGNE-RHÔNE-ALPES";"FR84ZRE02";"ZR AUVERGNE-RHONE-ALPES";"FR07022";"Paray le Fresil";"Rurale régionale";"PM10";"Fond";"Oui";"mesures indicatives";"Moy. annuelle";"10.0";"9.710615958936065";"µg-m3";;;;"R";"1";"46.652668";"3.600667"
"2025/01/01 00:00:00";"2025/12/31 23:59:59";"ATMO AUVERGNE-RHÔNE-ALPES";"FR84ZRE02";"ZR AUVERGNE-RHONE-ALPES";"FR07031";"Rageade";"Rurale régionale";"PM10";"Fond";"Oui";"mesures indicatives";"Moy. annuelle";"9.0";"8.64742376445847";"µg-m3";;;;"R";"1";"45.10472";"3.277361"
"2025/01/01 00:00:00";"2025/12/31 23:59:59";"ATMO AUVERGNE-RHÔNE-ALPES";"FR84ZAG04";"ZAG CLERMONT-FERRAND";"FR07051";"Beaulieu";"Périurbaine";"PM10";"Industrielle";"Oui";"mesures indicatives";"Moy. annuelle";"13.0";"12.556119746689689";"µg-m3";;;;"R";"1";"45.769";"3.155"
"2025/01/01 00:00:00";"2025/12/31 23:59:59";"ATMO AUVERGNE-RHÔNE-ALPES";"FR84ZRE02";"ZR AUVERGNE-RHONE-ALPES";"FR07052";"Aurillac-Lagarde";"Urbaine";"PM10";"Fond";"Oui";"mesures indicatives";"Moy. annuelle";"9.0";"9.078122130394856";"µg-m3";;;;"R";"1";"44.92008";"2.441082"
"2025/01/01 00:00:00";"2025/12/31 23:59:59";"ATMO AUVERGNE-RHÔNE-ALPES";"FR84ZRE02";"ZR AUVERGNE-RHONE-ALPES";"FR07054";"Le Puy-Causans";"Urbaine";"PM10";"Fond";"Oui";"mesures indicatives";"Moy. annuelle";"9.0";"9.109006845202348";"µg-m3";;;;"R";"1";"45.039001";"3.887001"
"2025/01/01 00:00:00";"2025/12/31 23:59:59";"ATMO AUVERGNE-RHÔNE-ALPES";"FR84ZRE02";"ZR AUVERGNE-RHONE-ALPES";"FR07057";"Moulins Centre";"Urbaine";"PM10";"Fond";"Oui";"mesures fixes";"Moy. annuelle";"12.0";"12.31875366740987";"µg-m3";"98.0";"99.0";"97.0";"R";"1";"46.5619722";"3.34063888888888"
"2025/01/01 00:00:00";"2025/12/31 23:59:59";"ATMO AUVERGNE-RHÔNE-ALPES";"FR84ZRE02";"ZR AUVERGNE-RHONE-ALPES";"FR07058";"Montluçon";"Urbaine";"PM10";"Fond";"Oui";"mesures indicatives";"Moy. annuelle";"12.0";"11.683997252747247";"µg-m3";;;;"R";"1";"46.340723";"2.593945"
"2025/01/01 00:00:00";"2025/12/31 23:59:59";"ATMO AUVERGNE-RHÔNE-ALPES";"FR84ZRE02";"ZR AUVERGNE-RHONE-ALPES";"FR07059";"Vichy";"Urbaine";"PM10";"Fond";"Oui";"mesures indicatives";"Moy. annuelle";"12.0";"12.345520551316767";"µg-m3";;;;"R";"1";"46.130431";"3.425694"
"2025/01/01 00:00:00";"2025/12/31 23:59:59";"ATMO AUVERGNE-RHÔNE-ALPES";"FR84ZAG04";"ZAG CLERMONT-FERRAND";"FR07061";"Riom Périurbaine";"Périurbaine";"PM10";"Fond";"Oui";"mesures indicatives";"Moy. annuelle";"14.0";"13.730703259005136";"µg-m3";;;;"R";"1";"45.89674";"3.122254"
"2025/01/01 00:00:00";"2025/12/31 23:59:59";"ATMO OCCITANIE";"FR76ZAG02";"ZAG MONTPELLIER";"FR08016";"Montpellier Prés d'Arènes";"Urbaine";"PM10";"Fond";"Oui";"mesures fixes";"Moy. annuelle";"17.0";"16.578990017615972";"µg-m3";"97.0";"100.0";"97.0";"R";"1";"43.5915";"3.88681"
"2025/01/01 00:00:00";"2025/12/31 23:59:59";"ATMO OCCITANIE";"FR76ZRE01";"ZR OCCITANIE";"FR08020";"Lunel Viel";"Périurbaine";"PM10";"Industrielle";"Oui";"mesures indicatives";"Moy. annuelle";"13.0";"13.052340620350252";"µg-m3";;;;"R";"1";"43.6758";"4.08838"
"2025/01/01 00:00:00";"2025/12/31 23:59:59";"ATMO OCCITANIE";"FR76ZAR02";"ZAR NIMES";"FR08614";"Nimes Gauzy";"Urbaine";"PM10";"Fond";"Oui";"mesures fixes";"Moy. annuelle";"14.0";"13.71148242368179";"µg-m3";"99.0";"99.0";"99.0";"R";"1";"43.8344";"4.3744"
"2025/01/01 00:00:00";"2025/12/31 23:59:59";"ATMO OCCITANIE";"FR76ZAR02";"ZAR NIMES";"FR08616";"Nimes Planas";"Urbaine";"PM10";"Trafic";"Oui";"mesures fixes";"Moy. annuelle";"17.0";"17.32247640377535";"µg/m3";"96.0";"75.0";"71.0";"N";"-1";"43.8299";"4.36199"
"2025/01/01 00:00:00";"2025/12/31 23:59:59";"ATMO OCCITANIE";"FR76ZAR01";"ZAR PERPIGNAN";"FR08714";"Perpignan Les Carmes";"Urbaine";"PM10";"Fond";"Oui";"mesures fixes";"Moy. annuelle";"15.0";"14.835403726708119";"µg-m3";"99.0";"100.0";"99.0";"R";"1";"42.6955";"2.90053"
"2025/01/01 00:00:00";"2025/12/31 23:59:59";"ATMO NOUVELLE-AQUITAINE";"FR75ZRE02";"ZR NOUVELLE-AQUITAINE";"FR09003";"place de VERDUN";"Urbaine";"PM10";"Fond";"Oui";"mesures fixes";"Moy. annuelle";"16.0";"15.811554300505962";"µg-m3";"97.0";"100.0";"97.0";"R";"1";"46.162647";"-1.153684"
"2025/01/01 00:00:00";"2025/12/31 23:59:59";"ATMO NOUVELLE-AQUITAINE";"FR75ZRE02";"ZR NOUVELLE-AQUITAINE";"FR09008";"Aytré";"Périurbaine";"PM10";"Fond";"Oui";"mesures fixes";"Moy. annuelle";"17.0";"17.078580675532503";"µg-m3";"97.0";"100.0";"97.0";"R";"1";"46.135134";"-1.117086"
"2025/01/01 00:00:00";"2025/12/31 23:59:59";"ATMO NOUVELLE-AQUITAINE";"FR75ZRE02";"ZR NOUVELLE-AQUITAINE";"FR09015";"Les Couronneries";"Urbaine";"PM10";"Fond";"Oui";"mesures fixes";"Moy. annuelle";"13.0";"13.121557588552653";"µg-m3";"97.0";"100.0";"97.0";"R";"1";"46.586958";"0.358458"
"2025/01/01 00:00:00";"2025/12/31 23:59:59";"ATMO NOUVELLE-AQUITAINE";"FR75ZRE02";"ZR NOUVELLE-AQUITAINE";"FR09103";"Square Pablo Casals";"Urbaine";"PM10";"Fond";"Oui";"mesures fixes";"Moy. annuelle";"12.0";"11.739329826166447";"µg-m3";"100.0";"100.0";"100.0";"R";"1";"45.647428";"0.167162"
"2025/01/01 00:00:00";"2025/12/31 23:59:59";"ATMO NOUVELLE-AQUITAINE";"FR75ZRE02";"ZR NOUVELLE-AQUITAINE";"FR09106";"ANGOULEME-GAMBETTA";"Urbaine";"PM10";"Trafic";"Oui";"mesures fixes";"Moy. annuelle";"18.0";"17.80816451061751";"µg-m3";"95.0";"99.0";"94.0";"R";"1";"45.651464";"0.162391"
"2025/01/01 00:00:00";"2025/12/31 23:59:59";"ATMO NOUVELLE-AQUITAINE";"FR75ZRE02";"ZR NOUVELLE-AQUITAINE";"FR09203";"La Pallice3 LR";"Urbaine";"PM10";"Industrielle";"Oui";"mesures fixes";"Moy. annuelle";"18.0";"17.997071227741372";"µg-m3";"98.0";"100.0";"97.0";"R";"1";"46.161632";"-1.211229"
"2025/01/01 00:00:00";"2025/12/31 23:59:59";"ATMO NOUVELLE-AQUITAINE";"FR75ZRE02";"ZR NOUVELLE-AQUITAINE";"FR09302";"Zoodyssée Chizé";"Rurale régionale";"PM10";"Fond";"Oui";"mesures fixes";"Moy. annuelle";"12.0";"11.523955463728182";"µg-m3";"99.0";"100.0";"99.0";"R";"1";"46.143234";"-0.395913"
"2025/01/01 00:00:00";"2025/12/31 23:59:59";"ATMO NOUVELLE-AQUITAINE";"FR75ZRE02";"ZR NOUVELLE-AQUITAINE";"FR09303";"Niort Venise";"Urbaine";"PM10";"Fond";"Oui";"mesures fixes";"Moy. annuelle";"12.0";"11.542292716445257";"µg-m3";"100.0";"100.0";"100.0";"R";"1";"46.320028";"-0.482861"
"2025/01/01 00:00:00";"2025/12/31 23:59:59";"ATMO NOUVELLE-AQUITAINE";"FR75ZRE02";"ZR NOUVELLE-AQUITAINE";"FR09304";"AIRVAULT - Stade Laillé";"Périurbaine";"PM10";"Fond";"Oui";"mesures fixes";"Moy. annuelle";"16.0";"15.604389846297172";"µg-m3";"98.0";"100.0";"98.0";"R";"1";"46.823796";"-0.135634"
"2025/01/01 00:00:00";"2025/12/31 23:59:59";"ATMO NOUVELLE-AQUITAINE";"FR75ZRE02";"ZR NOUVELLE-AQUITAINE";"FR09305";"Niort - Tassigny";"Urbaine";"PM10";"Trafic";"Oui";"mesures fixes";"Moy. annuelle";"16.0";"15.626013789879643";"µg-m3";"98.0";"100.0";"98.0";"R";"1";"46.333881";"-0.471878"
"2025/01/01 00:00:00";"2025/12/31 23:59:59";"ATMO NOUVELLE-AQUITAINE";"FR75ZRE02";"ZR NOUVELLE-AQUITAINE";"FR09403";"Poitiers-Le Nain";"Urbaine";"PM10";"Trafic";"Oui";"mesures fixes";"Moy. annuelle";"20.0";"19.835387885228513";"µg-m3";"97.0";"100.0";"97.0";"R";"1";"46.591231";"0.34039"
"2025/01/01 00:00:00";"2025/12/31 23:59:59";"ATMO NOUVELLE-AQUITAINE";"FR75ZRE02";"ZR NOUVELLE-AQUITAINE";"FR09404";"Poitiers Centre  Augouard";"Urbaine";"PM10";"Fond";"Oui";"mesures fixes";"Moy. annuelle";"14.0";"13.578913591565398";"µg-m3";"100.0";"100.0";"100.0";"R";"1";"46.583998";"0.345582"
"2025/01/01 00:00:00";"2025/12/31 23:59:59";"ATMO HAUTS DE FRANCE";"FR32ZAR01";"ZAR COTE-D-OPALE";"FR10004";"Malo-les-Bains";"Urbaine";"PM10";"Fond";"Oui";"mesures fixes";"Moy. annuelle";"18.0";"17.720235644017375";"µg-m3";"100.0";"100.0";"100.0";"R";"1";"51.04858";"2.42004"
"2025/01/01 00:00:00";"2025/12/31 23:59:59";"ATMO HAUTS DE FRANCE";"FR32ZAR01";"ZAR COTE-D-OPALE";"FR10012";"Mardyck";"Périurbaine";"PM10";"Industrielle";"Oui";"mesures indicatives";"Moy. annuelle";"19.0";"19.29276649746193";"µg-m3";;;;"R";"1";"51.01943";"2.25099"
"2025/01/01 00:00:00";"2025/12/31 23:59:59";"ATMO HAUTS DE FRANCE";"FR32ZAR01";"ZAR COTE-D-OPALE";"FR10016";"Calais Berthelot";"Urbaine";"PM10";"Fond";"Oui";"mesures fixes";"Moy. annuelle";"17.0";"17.30748694138126";"µg-m3";"99.0";"99.0";"98.0";"R";"1";"50.94729";"1.84308"
"2025/01/01 00:00:00";"2025/12/31 23:59:59";"ATMO HAUTS DE FRANCE";"FR32ZAR01";"ZAR COTE-D-OPALE";"FR10017";"St Pol mer - cheminots";"Urbaine";"PM10";"Fond";"Oui";"mesures fixes";"Moy. annuelle";"18.0";"18.42829692325285";"µg-m3";"100.0";"100.0";"100.0";"R";"1";"51.032761";"2.332358"
"2025/01/01 00:00:00";"2025/12/31 23:59:59";"ATMO HAUTS DE FRANCE";"FR32ZAR01";"ZAR COTE-D-OPALE";"FR10025";"Sangatte";"Périurbaine";"PM10";"Fond";"Oui";"mesures indicatives";"Moy. annuelle";"19.0";"18.847467237903206";"µg-m3";;;;"R";"1";"50.94989";"1.76917"
"2025/01/01 00:00:00";"2025/12/31 23:59:59";"ATMO HAUTS DE FRANCE";"FR32ZAR01";"ZAR COTE-D-OPALE";"FR10026";"Calais Parmentier";"Urbaine";"PM10";"Fond";"Oui";"mesures indicatives";"Moy. annuelle";"10.0";"10.085820895522387";"µg-m3";;;;"N";"-1";"50.9578";"1.89008"
"2025/01/01 00:00:00";"2025/12/31 23:59:59";"ATMO HAUTS DE FRANCE";"FR32ZAR01";"ZAR COTE-D-OPALE";"FR10029";"Cappelle la Grande";"Périurbaine";"PM10";"Fond";"Oui";"mesures indicatives";"Moy. annuelle";"22.0";"21.777887922314388";"µg-m3";;;;"R";"1";"50.99594";"2.36627"
"2025/01/01 00:00:00";"2025/12/31 23:59:59";"ATMO HAUTS DE FRANCE";"FR32ZAR01";"ZAR COTE-D-OPALE";"FR10030";"Boulogne Diderot";"Urbaine";"PM10";"Trafic";"Oui";"mesures fixes";"Moy. annuelle";"18.0";"17.855168180702144";"µg-m3";"93.0";"100.0";"93.0";"R";"1";"50.717029";"1.605913"
"2025/01/01 00:00:00";"2025/12/31 23:59:59";"ATMO HAUTS DE FRANCE";"FR32ZAR01";"ZAR COTE-D-OPALE";"FR10032";"Outreau";"Périurbaine";"PM10";"Fond";"Oui";"mesures indicatives";"Moy. annuelle";"17.0";"17.036829836829835";"µg-m3";;;;"R";"1";"50.69435";"1.57657"
"2025/01/01 00:00:00";"2025/12/31 23:59:59";"ATMO HAUTS DE FRANCE";"FR32ZAR01";"ZAR COTE-D-OPALE";"FR10034";"Grande-synthe";"Urbaine";"PM10";"Industrielle";"Oui";"mesures fixes";"Moy. annuelle";"20.0";"19.7887385321101";"µg-m3";"100.0";"100.0";"100.0";"R";"1";"51.02446";"2.30215"
"2025/01/01 00:00:00";"2025/12/31 23:59:59";"ATMO HAUTS DE FRANCE";"FR32ZAR01";"ZAR COTE-D-OPALE";"FR10041";"St Omer Ribot";"Urbaine";"PM10";"Fond";"Oui";"mesures indicatives";"Moy. annuelle";"17.0";"16.864265390584578";"µg-m3";;;;"R";"1";"50.74823";"2.25978"
"2025/01/01 00:00:00";"2025/12/31 23:59:59";"ATMO HAUTS DE FRANCE";"FR32ZRE01";"ZR HAUTS-DE-FRANCE";"FR10132";"Campagne les B.";"Rurale régionale";"PM10";"Fond";"Oui";"mesures indicatives";"Moy. annuelle";"15.0";"15.031129337539426";"µg-m3";;;;"R";"1";"50.61048";"1.99145"
"2025/01/01 00:00:00";"2025/12/31 23:59:59";"ATMO HAUTS DE FRANCE";"FR32ZAG02";"ZAG LILLE";"FR11034";"Roubaix Serres";"Urbaine";"PM10";"Trafic";"Oui";"mesures fixes";"Moy. annuelle";"20.0";"20.494779669504346";"µg-m3";"92.0";"99.0";"91.0";"R";"1";"50.706535";"3.18066"
"2025/01/01 00:00:00";"2025/12/31 23:59:59";"ATMO HAUTS DE FRANCE";"FR32ZAG02";"ZAG LILLE";"FR11038";"Tourcoing Houpline";"Urbaine";"PM10";"Fond";"Oui";"mesures fixes";"Moy. annuelle";"18.0";"17.646262673897713";"µg-m3";"98.0";"98.0";"97.0";"R";"1";"50.733333";"3.173611"
"2025/01/01 00:00:00";"2025/12/31 23:59:59";"ATMO HAUTS DE FRANCE";"FR32ZAG02";"ZAG LILLE";"FR11114";"Wattignies";"Périurbaine";"PM10";"Fond";"Oui";"mesures fixes";"Moy. annuelle";"16.0";"16.080971754039236";"µg-m3";"99.0";"99.0";"98.0";"R";"1";"50.59774";"3.04946"
"2025/01/01 00:00:00";"2025/12/31 23:59:59";"ATMO OCCITANIE";"FR76ZAG01";"ZAG TOULOUSE";"FR12004";"Toulouse école m. Jacquier";"Urbaine";"PM10";"Fond";"Oui";"mesures fixes";"Moy. annuelle";"15.0";"15.216779369627524";"µg-m3";"100.0";"100.0";"100.0";"R";"1";"43.575694";"1.418064"
"2025/01/01 00:00:00";"2025/12/31 23:59:59";"ATMO OCCITANIE";"FR76ZRE01";"ZR OCCITANIE";"FR12020";"Peyrusse Vieille";"Rurale nationale";"PM10";"Fond";"Oui";"mesures fixes";"Moy. annuelle";"10.0";"10.22346460384436";"µg/m3";"99.0";"98.0";"97.0";"R";"1";"43.6287";"0.179069"
"2025/01/01 00:00:00";"2025/12/31 23:59:59";"ATMO OCCITANIE";"FR76ZAG01";"ZAG TOULOUSE";"FR12021";"Toulouse Mazades";"Urbaine";"PM10";"Fond";"Oui";"mesures indicatives";"Moy. annuelle";"14.0";"14.423065373065379";"µg-m3";;;;"R";"1";"43.623606";"1.438531"
"2025/01/01 00:00:00";"2025/12/31 23:59:59";"ATMO OCCITANIE";"FR76ZRE01";"ZR OCCITANIE";"FR12026";"Albi Delmas";"Urbaine";"PM10";"Fond";"Oui";"mesures fixes";"Moy. annuelle";"13.0";"13.47204161248377";"µg-m3";"97.0";"99.0";"97.0";"R";"1";"43.927769";"2.145897"
"2025/01/01 00:00:00";"2025/12/31 23:59:59";"ATMO OCCITANIE";"FR76ZAG01";"ZAG TOULOUSE";"FR12030";"Toulouse Berthelot";"Urbaine";"PM10";"Fond";"Oui";"mesures fixes";"Moy. annuelle";"14.0";"14.08262619294009";"µg-m3";"99.0";"100.0";"99.0";"R";"1";"43.587344";"1.444003"
"2025/01/01 00:00:00";"2025/12/31 23:59:59";"ATMO OCCITANIE";"FR76ZAG01";"ZAG TOULOUSE";"FR12039";"Toulouse-SETMI Eisenhower";"Urbaine";"PM10";"Industrielle";"Oui";"mesures indicatives";"Moy. annuelle";"17.0";"16.612532208948203";"µg-m3";;;;"R";"1";"43.561581";"1.393261"
"2025/01/01 00:00:00";"2025/12/31 23:59:59";"ATMO OCCITANIE";"FR76ZAG01";"ZAG TOULOUSE";"FR12040";"Toulouse SETMI Chapitre";"Urbaine";"PM10";"Industrielle";"Oui";"mesures indicatives";"Moy. annuelle";"16.0";"16.027502917152866";"µg-m3";;;;"R";"1";"43.556375";"1.403964"
"2025/01/01 00:00:00";"2025/12/31 23:59:59";"ATMO OCCITANIE";"FR76ZRE01";"ZR OCCITANIE";"FR12042";"Lourdes Lapaca";"Urbaine";"PM10";"Fond";"Oui";"mesures fixes";"Moy. annuelle";"13.0";"12.711691884456698";"µg-m3";"100.0";"100.0";"100.0";"R";"1";"43.096247";"-0.040497"
"2025/01/01 00:00:00";"2025/12/31 23:59:59";"ATMO OCCITANIE";"FR76ZAG01";"ZAG TOULOUSE";"FR12044";"Toulouse - Aéroport Blagnac côté trafic";"Urbaine";"PM10";"Industrielle";"Oui";"mesures indicatives";"Moy. annuelle";"14.0";"14.231920805835347";"µg-m3";;;;"R";"1";"43.633478";"1.375717"
"2025/01/01 00:00:00";"2025/12/31 23:59:59";"ATMO OCCITANIE";"FR76ZRE01";"ZR OCCITANIE";"FR12047";"Bessières-ECONOTRE";"Rurale près des villes";"PM10";"Industrielle";"Oui";"mesures fixes";"Moy. annuelle";"13.0";"12.855490993608369";"µg/m3";"98.0";"100.0";"98.0";"R";"1";"43.803139";"1.595475"
"2025/01/01 00:00:00";"2025/12/31 23:59:59";"ATMO OCCITANIE";"FR76ZRE01";"ZR OCCITANIE";"FR12052";"Tarbes lycée Dupuy";"Urbaine";"PM10";"Fond";"Oui";"mesures fixes";"Moy. annuelle";"15.0";"14.521503275485578";"µg-m3";"99.0";"100.0";"99.0";"R";"1";"43.230297";"0.062339"
"2025/01/01 00:00:00";"2025/12/31 23:59:59";"ATMO OCCITANIE";"FR76ZRE01";"ZR OCCITANIE";"FR12053";"Castres stadeTravet";"Urbaine";"PM10";"Fond";"Oui";"mesures fixes";"Moy. annuelle";"13.0";"13.250343721356588";"µg-m3";"100.0";"100.0";"100.0";"R";"1";"43.610497";"2.23015"
"2025/01/01 00:00:00";"2025/12/31 23:59:59";"ATMO OCCITANIE";"FR76ZAG01";"ZAG TOULOUSE";"FR12054";"Toulouse Rte Albi";"Urbaine";"PM10";"Trafic";"Oui";"mesures fixes";"Moy. annuelle";"17.0";"16.535598518175544";"µg-m3";"99.0";"100.0";"99.0";"R";"1";"43.643944";"1.468244"
"2025/01/01 00:00:00";"2025/12/31 23:59:59";"ATMO OCCITANIE";"FR76ZAG01";"ZAG TOULOUSE";"FR12085";"Toulouse Port de l'Embouchure";"Urbaine";"PM10";"Trafic";"Oui";"mesures fixes";"Moy. annuelle";"21.0";"20.753415570813488";"µg-m3";"98.0";"100.0";"98.0";"R";"1";"43.610386";"1.4152"
"2025/01/01 00:00:00";"2025/12/31 23:59:59";"ATMO OCCITANIE";"FR76ZRE01";"ZR OCCITANIE";"FR12095";"Rodez Camonil";"Urbaine";"PM10";"Fond";"Oui";"mesures fixes";"Moy. annuelle";"11.0";"11.212580275229337";"µg-m3";"100.0";"100.0";"100.0";"R";"1";"44.35699225";"2.57070422"
"2025/01/01 00:00:00";"2025/12/31 23:59:59";"ATMO GRAND EST";"FR44ZRE01";"ZR GRAND-EST";"FR14008";"REVIN";"Rurale nationale";"PM10";"Fond";"Oui";"mesures fixes";"Moy. annuelle";"9.0";"9.255702566816673";"µg-m3";"87.0";"99.0";"86.0";"R";"1";"49.90778";"4.63"
"2025/01/01 00:00:00";"2025/12/31 23:59:59";"ATMO GRAND EST";"FR44ZAR01";"ZAR REIMS";"FR14010";"BETHENY";"Périurbaine";"PM10";"Fond";"Oui";"mesures fixes";"Moy. annuelle";"15.0";"15.484638659373822";"µg-m3";"98.0";"100.0";"98.0";"R";"1";"49.28222";"4.051111"
"2025/01/01 00:00:00";"2025/12/31 23:59:59";"ATMO GRAND EST";"FR44ZAR01";"ZAR REIMS";"FR14011";"DOUMER";"Urbaine";"PM10";"Trafic";"Oui";"mesures fixes";"Moy. annuelle";"21.0";"20.52903650508673";"µg-m3";"95.0";"100.0";"95.0";"R";"1";"49.250732";"4.023064"
"2025/01/01 00:00:00";"2025/12/31 23:59:59";"ATMO GRAND EST";"FR44ZAR01";"ZAR REIMS";"FR14012";"Jean d Aulan";"Urbaine";"PM10";"Fond";"Oui";"mesures fixes";"Moy. annuelle";"18.0";"17.971410107276693";"µg-m3";"88.0";"100.0";"88.0";"R";"1";"49.224167";"4.020556"
"2025/01/01 00:00:00";"2025/12/31 23:59:59";"ATMO GRAND EST";"FR44ZRE01";"ZR GRAND-EST";"FR14022";"CHALONS";"Urbaine";"PM10";"Fond";"Oui";"mesures fixes";"Moy. annuelle";"15.0";"14.96634883720934";"µg-m3";"98.0";"100.0";"98.0";"R";"1";"48.962223";"4.36"
"2025/01/01 00:00:00";"2025/12/31 23:59:59";"ATMO GRAND EST";"FR44ZRE01";"ZR GRAND-EST";"FR14028";"Rempart Perrier";"Urbaine";"PM10";"Trafic";"Oui";"mesures fixes";"Moy. annuelle";"18.0";"18.213103689049202";"µg/m3";"98.0";"100.0";"98.0";"R";"1";"49.0461";"3.955911"
"2025/01/01 00:00:00";"2025/12/31 23:59:59";"ATMO GRAND EST";"FR44ZRE01";"ZR GRAND-EST";"FR14033";"STE SAVINE";"Urbaine";"PM10";"Fond";"Oui";"mesures fixes";"Moy. annuelle";"13.0";"13.174290330025448";"µg/m3";"99.0";"100.0";"99.0";"R";"1";"48.295002";"4.050278"
"2025/01/01 00:00:00";"2025/12/31 23:59:59";"ATMO GRAND EST";"FR44ZRE01";"ZR GRAND-EST";"FR14042";"St DIZIER L. Michel";"Urbaine";"PM10";"Fond";"Oui";"mesures fixes";"Moy. annuelle";"14.0";"13.851902368987776";"µg-m3";"95.0";"100.0";"95.0";"R";"1";"48.645836";"4.966111"
"2025/01/01 00:00:00";"2025/12/31 23:59:59";"ATMO GRAND EST";"FR44ZRE01";"ZR GRAND-EST";"FR14051";"CHARLEVILLE";"Urbaine";"PM10";"Fond";"Oui";"mesures fixes";"Moy. annuelle";"15.0";"14.94187770228537";"µg-m3";"92.0";"100.0";"92.0";"R";"1";"49.745277";"4.719167"
"2025/01/01 00:00:00";"2025/12/31 23:59:59";"ATMO AUVERGNE-RHÔNE-ALPES";"FR84ZAG02";"ZAG GRENOBLE";"FR15018";"Voiron Urbain";"Urbaine";"PM10";"Fond";"Oui";"mesures indicatives";"Moy. annuelle";"12.0";"12.038359788359786";"µg-m3";;;;"R";"1";"45.360176";"5.589419"
"2025/01/01 00:00:00";"2025/12/31 23:59:59";"ATMO AUVERGNE-RHÔNE-ALPES";"FR84ZAG02";"ZAG GRENOBLE";"FR15038";"St Martin d'Heres";"Urbaine";"PM10";"Fond";"Oui";"mesures indicatives";"Moy. annuelle";"17.0";"16.57647476901206";"µg-m3";;;;"R";"1";"45.1828";"5.7531"
"2025/01/01 00:00:00";"2025/12/31 23:59:59";"ATMO AUVERGNE-RHÔNE-ALPES";"FR84ZAG02";"ZAG GRENOBLE";"FR15043";"Grenoble Les Frenes";"Urbaine";"PM10";"Fond";"Oui";"mesures indicatives";"Moy. annuelle";"16.0";"15.599707352761884";"µg-m3";;;;"R";"1";"45.1619";"5.7356"
"2025/01/01 00:00:00";"2025/12/31 23:59:59";"ATMO AUVERGNE-RHÔNE-ALPES";"FR84ZAG02";"ZAG GRENOBLE";"FR15045";"Grenoble PeriurbSud";"Périurbaine";"PM10";"Fond";"Oui";"mesures indicatives";"Moy. annuelle";"13.0";"12.875144218710814";"µg-m3";;;;"R";"1";"45.0578";"5.6767"
"2025/01/01 00:00:00";"2025/12/31 23:59:59";"ATMO AUVERGNE-RHÔNE-ALPES";"FR84ZAG02";"ZAG GRENOBLE";"FR15046";"Grenoble Boulevards";"Urbaine";"PM10";"Trafic";"Oui";"mesures fixes";"Moy. annuelle";"20.0";"20.139756920999325";"µg-m3";"85.0";"100.0";"85.0";"R";"1";"45.18069";"5.720625"
"2025/01/01 00:00:00";"2025/12/31 23:59:59";"ATMO AUVERGNE-RHÔNE-ALPES";"FR84ZAG02";"ZAG GRENOBLE";"FR15048";"Gresivaudan Periurb";"Périurbaine";"PM10";"Fond";"Oui";"mesures indicatives";"Moy. annuelle";"15.0";"14.645666857469942";"µg-m3";;;;"R";"1";"45.2797";"5.8822"
"2025/01/01 00:00:00";"2025/12/31 23:59:59";"ATMO AUVERGNE-RHÔNE-ALPES";"FR84ZAG02";"ZAG GRENOBLE";"FR15053";"Rocade Sud Eybens";"Urbaine";"PM10";"Trafic";"Oui";"mesures fixes";"Moy. annuelle";"21.0";"21.27831265508683";"µg-m3";"93.0";"99.0";"92.0";"R";"1";"45.15467";"5.74523"
"2025/01/01 00:00:00";"2025/12/31 23:59:59";"ATMO GRAND EST";"FR44ZAG01";"ZAG STRASBOURG";"FR16029";"Strasbourg Nord";"Urbaine";"PM10";"Fond";"Oui";"mesures fixes";"Moy. annuelle";"15.0";"15.088636103806982";"µg-m3";"100.0";"100.0";"100.0";"R";"1";"48.610363";"7.781631"
"2025/01/01 00:00:00";"2025/12/31 23:59:59";"ATMO GRAND EST";"FR44ZAG01";"ZAG STRASBOURG";"FR16034";"Strasbourg Clemenceau";"Urbaine";"PM10";"Trafic";"Oui";"mesures fixes";"Moy. annuelle";"20.0";"20.124184438040384";"µg-m3";"99.0";"100.0";"99.0";"R";"1";"48.59043";"7.744983"
"2025/01/01 00:00:00";"2025/12/31 23:59:59";"ATMO GRAND EST";"FR44ZRE01";"ZR GRAND-EST";"FR16054";"Colmar Centre";"Urbaine";"PM10";"Fond";"Oui";"mesures fixes";"Moy. annuelle";"17.0";"16.584587134225817";"µg-m3";"97.0";"100.0";"96.0";"R";"1";"48.0744444";"7.3505555"
"2025/01/01 00:00:00";"2025/12/31 23:59:59";"ATMO GRAND EST";"FR44ZRE01";"ZR GRAND-EST";"FR16057";"Mulhouse Nord";"Urbaine";"PM10";"Fond";"Oui";"mesures fixes";"Moy. annuelle";"5.0";"5.196296296296295";"µg-m3";"32.0";"2.0";"1.0";"N";"-1";"47.757435";"7.347294"
"2025/01/01 00:00:00";"2025/12/31 23:59:59";"ATMO GRAND EST";"FR44ZRE01";"ZR GRAND-EST";"FR16066";"Mulhouse Sud 2";"Urbaine";"PM10";"Fond";"Oui";"mesures fixes";"Moy. annuelle";"17.0";"17.46153564005378";"µg-m3";"93.0";"100.0";"93.0";"R";"1";"47.737415";"7.309075"
"2025/01/01 00:00:00";"2025/12/31 23:59:59";"ATMO GRAND EST";"FR44ZRE01";"ZR GRAND-EST";"FR16069";"Mulhouse-Briand";"Urbaine";"PM10";"Trafic";"Oui";"mesures fixes";"Moy. annuelle";"17.0";"16.879226941326184";"µg/m3";"99.0";"100.0";"99.0";"R";"1";"47.747684";"7.321364"
"2025/01/01 00:00:00";"2025/12/31 23:59:59";"ATMO GRAND EST";"FR44ZAG01";"ZAG STRASBOURG";"FR16215";"Strasbourg A35 Remparts";"Urbaine";"PM10";"Trafic";"Oui";"mesures fixes";"Moy. annuelle";"25.0";"25.317513384889843";"µg-m3";"96.0";"99.0";"96.0";"R";"1";"48.588056";"7.729722"
"2025/01/01 00:00:00";"2025/12/31 23:59:59";"ATMO GRAND EST";"FR44ZRE01";"ZR GRAND-EST";"FR16302";"Donon Vosges Moyennes 2";"Rurale nationale";"PM10";"Fond";"Oui";"mesures fixes";"Moy. annuelle";"8.0";"7.877793328668049";"µg-m3";"98.0";"100.0";"98.0";"R";"1";"48.492992";"7.1298"
"2025/01/01 00:00:00";"2025/12/31 23:59:59";"ATMO HAUTS DE FRANCE";"FR32ZAR02";"ZAR AMIENS";"FR18035";"Salouel";"Périurbaine";"PM10";"Fond";"Oui";"mesures fixes";"Moy. annuelle";"14.0";"14.045705047096774";"µg-m3";"81.0";"100.0";"81.0";"N";"-1";"49.86889";"2.239806"
"2025/01/01 00:00:00";"2025/12/31 23:59:59";"ATMO HAUTS DE FRANCE";"FR32ZRE01";"ZR HAUTS-DE-FRANCE";"FR18039";"Arrest";"Rurale régionale";"PM10";"Fond";"Oui";"mesures fixes";"Moy. annuelle";"15.0";"15.139216589861768";"µg-m3";"100.0";"99.0";"99.0";"R";"1";"50.129448";"1.610833"
"2025/01/01 00:00:00";"2025/12/31 23:59:59";"ATMO HAUTS DE FRANCE";"FR32ZRE01";"ZR HAUTS-DE-FRANCE";"FR18042";"P. Roth St Quentin";"Urbaine";"PM10";"Fond";"Oui";"mesures fixes";"Moy. annuelle";"15.0";"15.27240500463394";"µg-m3";"99.0";"100.0";"99.0";"R";"1";"49.851334";"3.284"
"2025/01/01 00:00:00";"2025/12/31 23:59:59";"ATMO HAUTS DE FRANCE";"FR32ZAR03";"ZAR CREIL";"FR18043";"Faiencerie Creil";"Urbaine";"PM10";"Fond";"Oui";"mesures fixes";"Moy. annuelle";"16.0";"15.857942424590002";"µg-m3";"100.0";"100.0";"100.0";"R";"1";"49.259552";"2.474397"
"2025/01/01 00:00:00";"2025/12/31 23:59:59";"ATMO HAUTS DE FRANCE";"FR32ZAR02";"ZAR AMIENS";"FR18053";"St Pierre Amiens";"Urbaine";"PM10";"Fond";"Oui";"mesures fixes";"Moy. annuelle";"15.0";"15.163980815347747";"µg-m3";"95.0";"100.0";"95.0";"R";"1";"49.901667";"2.304597"
"2025/01/01 00:00:00";"2025/12/31 23:59:59";"ATMO HAUTS DE FRANCE";"FR32ZRE01";"ZR HAUTS-DE-FRANCE";"FR18057";"Neuilly-Saint-Front";"Rurale régionale";"PM10";"Fond";"Oui";"mesures indicatives";"Moy. annuelle";"14.0";"13.939626704953335";"µg/m3";;;;"R";"1";"49.174931";"3.260819"
"2025/01/01 00:00:00";"2025/12/31 23:59:59";"ATMO HAUTS DE FRANCE";"FR32ZRE01";"ZR HAUTS-DE-FRANCE";"FR18058";"Gaudechart";"Rurale régionale";"PM10";"Fond";"Oui";"mesures fixes";"Moy. annuelle";"13.0";"13.198380851812772";"µg-m3";"99.0";"98.0";"97.0";"R";"1";"49.61563";"1.963259"
"2025/01/01 00:00:00";"2025/12/31 23:59:59";"ATMO HAUTS DE FRANCE";"FR32ZRE01";"ZR HAUTS-DE-FRANCE";"FR18080";"TRAF Saint Quent 14";"Urbaine";"PM10";"Trafic";"Oui";"mesures fixes";"Moy. annuelle";"15.0";"14.634031710079306";"µg-m3";"92.0";"66.0";"60.0";"N";"-1";"49.84282";"3.281439"
"2025/01/01 00:00:00";"2025/12/31 23:59:59";"ATMO HAUTS DE FRANCE";"FR32ZRE01";"ZR HAUTS-DE-FRANCE";"FR18089";"Trafic Beauvais 1";"Urbaine";"PM10";"Trafic";"Oui";"mesures fixes";"Moy. annuelle";"16.0";"16.14993055555561";"µg-m3";"99.0";"99.0";"99.0";"R";"1";"49.435932";"2.084292"
"2025/01/01 00:00:00";"2025/12/31 23:59:59";"AIR BREIZH";"FR53ZAG01";"ZAG RENNES";"FR19002";"Rennes Laennec";"Urbaine";"PM10";"Trafic";"Oui";"mesures fixes";"Moy. annuelle";"15.0";"14.89211469534056";"µg-m3";"99.0";"100.0";"99.0";"R";"1";"48.10861";"-1.66586"
"2025/01/01 00:00:00";"2025/12/31 23:59:59";"AIR BREIZH";"FR53ZAR01";"ZAR BREST";"FR19012";"Brest Mace";"Urbaine";"PM10";"Fond";"Oui";"mesures fixes";"Moy. annuelle";"15.0";"14.57094782713961";"µg-m3";"98.0";"96.0";"94.0";"R";"1";"48.38618";"-4.4866"
"2025/01/01 00:00:00";"2025/12/31 23:59:59";"AIR BREIZH";"FR53ZAR01";"ZAR BREST";"FR19014";"Brest Desmoulins";"Urbaine";"PM10";"Trafic";"Oui";"mesures fixes";"Moy. annuelle";"20.0";"20.064914425427876";"µg-m3";"90.0";"10.0";"9.0";"N";"-1";"48.39746";"-4.48871"
"2025/01/01 00:00:00";"2025/12/31 23:59:59";"AIR BREIZH";"FR53ZRE01";"ZR BRETAGNE";"FR19020";"Kergoff";"Rurale nationale";"PM10";"Fond";"Oui";"mesures fixes";"Moy. annuelle";"10.0";"10.096269744835908";"µg-m3";"94.0";"99.0";"94.0";"R";"1";"48.261963";"-2.943631"
"2025/01/01 00:00:00";"2025/12/31 23:59:59";"AIR BREIZH";"FR53ZRE01";"ZR BRETAGNE";"FR19032";"Lorient B. Bissonnet";"Urbaine";"PM10";"Fond";"Oui";"mesures fixes";"Moy. annuelle";"14.0";"13.833380766038216";"µg-m3";"96.0";"100.0";"96.0";"R";"1";"47.7425";"-3.39501"
"2025/01/01 00:00:00";"2025/12/31 23:59:59";"AIR BREIZH";"FR53ZRE01";"ZR BRETAGNE";"FR19033";"Vannes UTA";"Urbaine";"PM10";"Fond";"Oui";"mesures fixes";"Moy. annuelle";"14.0";"13.855520393811565";"µg-m3";"98.0";"99.0";"97.0";"R";"1";"47.64892";"-2.76399"
"2025/01/01 00:00:00";"2025/12/31 23:59:59";"AIR BREIZH";"FR53ZRE01";"ZR BRETAGNE";"FR19037";"Lorient Normandie";"Urbaine";"PM10";"Trafic";"Oui";"mesures fixes";"Moy. annuelle";"14.0";"14.12534270245371";"µg-m3";"99.0";"100.0";"99.0";"R";"1";"47.758947";"-3.36938"
"2025/01/01 00:00:00";"2025/12/31 23:59:59";"AIR BREIZH";"FR53ZAG01";"ZAG RENNES";"FR19039";"Rennes Thabor";"Urbaine";"PM10";"Fond";"Oui";"mesures fixes";"Moy. annuelle";"14.0";"14.20870121561101";"µg-m3";"89.0";"100.0";"89.0";"R";"1";"48.11521";"-1.673088"
"2025/01/01 00:00:00";"2025/12/31 23:59:59";"AIR BREIZH";"FR53ZRE01";"ZR BRETAGNE";"FR19053";"Quimper Zola";"Urbaine";"PM10";"Fond";"Oui";"mesures fixes";"Moy. annuelle";"13.0";"12.64702734147761";"µg-m3";"98.0";"100.0";"98.0";"R";"1";"47.986606";"-4.097658"
"2025/01/01 00:00:00";"2025/12/31 23:59:59";"AIR BREIZH";"FR53ZRE01";"ZR BRETAGNE";"FR19082";"StMalo Rocabey";"Périurbaine";"PM10";"Fond";"Oui";"mesures fixes";"Moy. annuelle";"17.0";"17.24448476052256";"µg-m3";"95.0";"100.0";"94.0";"R";"1";"48.65306";"-2.00268"
"2025/01/01 00:00:00";"2025/12/31 23:59:59";"ATMO AUVERGNE-RHÔNE-ALPES";"FR84ZAG01";"ZAG LYON";"FR20013";"A7 SUD LYONNAIS";"Périurbaine";"PM10";"Trafic";"Oui";"mesures fixes";"Moy. annuelle";"22.0";"22.063065504241344";"µg-m3";"97.0";"100.0";"97.0";"R";"1";"45.720024";"4.818156"
"2025/01/01 00:00:00";"2025/12/31 23:59:59";"ATMO AUVERGNE-RHÔNE-ALPES";"FR84ZAG01";"ZAG LYON";"FR20017";"GERLAND";"Urbaine";"PM10";"Fond";"Oui";"mesures indicatives";"Moy. annuelle";"16.0";"15.839921405455414";"µg-m3";;;;"R";"1";"45.73529";"4.829794"
"2025/01/01 00:00:00";"2025/12/31 23:59:59";"ATMO AUVERGNE-RHÔNE-ALPES";"FR84ZAG01";"ZAG LYON";"FR20029";"FEYZIN STADE";"Périurbaine";"PM10";"Industrielle";"Oui";"mesures indicatives";"Moy. annuelle";"18.0";"18.11255654725516";"µg-m3";;;;"R";"1";"45.6639";"4.8459"
"2025/01/01 00:00:00";"2025/12/31 23:59:59";"ATMO AUVERGNE-RHÔNE-ALPES";"FR84ZAG01";"ZAG LYON";"FR20047";"COTIERE AIN";"Périurbaine";"PM10";"Fond";"Oui";"mesures indicatives";"Moy. annuelle";"13.0";"13.12728242826653";"µg-m3";;;;"R";"1";"45.823223";"4.953958"
"2025/01/01 00:00:00";"2025/12/31 23:59:59";"ATMO AUVERGNE-RHÔNE-ALPES";"FR84ZAG01";"ZAG LYON";"FR20048";"SAINT EXUPERY";"Périurbaine";"PM10";"Fond";"Oui";"mesures indicatives";"Moy. annuelle";"14.0";"14.003969300875417";"µg-m3";;;;"R";"1";"45.7533";"5.0722"
"2025/01/01 00:00:00";"2025/12/31 23:59:59";"ATMO AUVERGNE-RHÔNE-ALPES";"FR84ZAG01";"ZAG LYON";"FR20062";"LYON Centre";"Urbaine";"PM10";"Fond";"Oui";"mesures fixes";"Moy. annuelle";"17.0";"17.012872580453635";"µg-m3";"96.0";"100.0";"96.0";"R";"1";"45.757732";"4.854214"
"2025/01/01 00:00:00";"2025/12/31 23:59:59";"ATMO AUVERGNE-RHÔNE-ALPES";"FR84ZAG01";"ZAG LYON";"FR20069";"Lyon Périphérique";"Urbaine";"PM10";"Trafic";"Oui";"mesures fixes";"Moy. annuelle";"21.0";"21.442088091353973";"µg-m3";"98.0";"100.0";"98.0";"R";"1";"45.77482";"4.898572"
"2025/01/01 00:00:00";"2025/12/31 23:59:59";"ATMO AUVERGNE-RHÔNE-ALPES";"FR84ZAG01";"ZAG LYON";"FR20070";"LYON TRAFIC JAURES";"Urbaine";"PM10";"Trafic";"Oui";"mesures fixes";"Moy. annuelle";"15.0";"15.112548695549508";"µg-m3";"97.0";"100.0";"97.0";"R";"1";"45.7496944";"4.84438888888888"
"2025/01/01 00:00:00";"2025/12/31 23:59:59";"ATMO AUVERGNE-RHÔNE-ALPES";"FR84ZAG01";"ZAG LYON";"FR20077";"Villefranche Centre ";"Urbaine";"PM10";"Fond";"Oui";"mesures fixes";"Moy. annuelle";"14.0";"13.877414903403832";"µg-m3";"99.0";"100.0";"99.0";"R";"1";"45.990112";"4.715566"
"2025/01/01 00:00:00";"2025/12/31 23:59:59";"ATMO NORMANDIE";"FR28ZAR02";"ZAR CAEN";"FR21001";"Caen Chemin-Vert";"Urbaine";"PM10";"Fond";"Oui";"mesures fixes";"Moy. annuelle";"14.0";"13.933745846224324";"µg-m3";"100.0";"100.0";"100.0";"R";"1";"49.19222";"-0.391111"
"2025/01/01 00:00:00";"2025/12/31 23:59:59";"ATMO NORMANDIE";"FR28ZAR02";"ZAR CAEN";"FR21019";"IFS Caen sud";"Urbaine";"PM10";"Fond";"Oui";"mesures fixes";"Moy. annuelle";"15.0";"14.627622458410366";"µg-m3";"99.0";"100.0";"99.0";"R";"1";"49.15167";"-0.352778"
"2025/01/01 00:00:00";"2025/12/31 23:59:59";"ATMO NORMANDIE";"FR28ZRE02";"ZR NORMANDIE";"FR21031";"Alençon Météo-France";"Périurbaine";"PM10";"Fond";"Oui";"mesures fixes";"Moy. annuelle";"12.0";"11.960132662397058";"µg-m3";"100.0";"100.0";"100.0";"R";"1";"48.445553";"0.110833"
"2025/01/01 00:00:00";"2025/12/31 23:59:59";"ATMO NORMANDIE";"FR28ZRE02";"ZR NORMANDIE";"FR21038";"Cherbourg Hotel de Ville";"Urbaine";"PM10";"Fond";"Oui";"mesures fixes";"Moy. annuelle";"14.0";"14.138880000000023";"µg-m3";"100.0";"100.0";"100.0";"R";"1";"49.64225";"-1.624361"
"2025/01/01 00:00:00";"2025/12/31 23:59:59";"ATMO NORMANDIE";"FR28ZRE02";"ZR NORMANDIE";"FR21039";"Cherbourg PMF";"Urbaine";"PM10";"Trafic";"Oui";"mesures fixes";"Moy. annuelle";"16.0";"15.868262653898755";"µg-m3";"9.0";"98.0";"8.0";"N";"-1";"49.6338888888888";"-1.62472222221668"
"2025/01/01 00:00:00";"2025/12/31 23:59:59";"ATMO NORMANDIE";"FR28ZRE02";"ZR NORMANDIE";"FR21040";"Saint-Lô Eglise";"Urbaine";"PM10";"Fond";"Oui";"mesures fixes";"Moy. annuelle";"15.0";"14.978093204371275";"µg-m3";"91.0";"100.0";"91.0";"R";"1";"49.11639";"-1.084722"
"2025/01/01 00:00:00";"2025/12/31 23:59:59";"ATMO NORMANDIE";"FR28ZRE02";"ZR NORMANDIE";"FR21050";"La Coulonche MERA";"Rurale nationale";"PM10";"Fond";"Oui";"mesures fixes";"Moy. annuelle";"10.0";"9.984199679413825";"µg-m3";"100.0";"100.0";"100.0";"R";"1";"48.645";"-0.458333"
"2025/01/01 00:00:00";"2025/12/31 23:59:59";"ATMO NORMANDIE";"FR28ZAR02";"ZAR CAEN";"FR21101";"Caen Montalivet";"Urbaine";"PM10";"Trafic";"Oui";"mesures fixes";"Moy. annuelle";"13.0";"12.694642857142862";"µg-m3";"88.0";"2.0";"2.0";"N";"-1";"49.1798333190825";"-0.329750000088734"
"2025/01/01 00:00:00";"2025/12/31 23:59:59";"ATMO GRAND EST";"FR44ZRE01";"ZR GRAND-EST";"FR22009";"Ecole de Carling(9)";"Périurbaine";"PM10";"Industrielle";"Oui";"mesures fixes";"Moy. annuelle";"14.0";"13.551537472231923";"µg-m3";"98.0";"100.0";"98.0";"R";"1";"49.165726";"6.716886"
"2025/01/01 00:00:00";"2025/12/31 23:59:59";"ATMO GRAND EST";"FR44ZRE01";"ZR GRAND-EST";"FR22054";"Station de FORBACH";"Urbaine";"PM10";"Fond";"Oui";"mesures fixes";"Moy. annuelle";"13.0";"13.067670915411341";"µg-m3";"99.0";"100.0";"99.0";"R";"1";"49.18742";"6.910867"
"2025/01/01 00:00:00";"2025/12/31 23:59:59";"AIR PAYS DE LA LOIRE";"FR52ZAG01";"ZAG NANTES-SAINT-NAZAIRE";"FR23003";"LA MEGRETAIS";"Périurbaine";"PM10";"Industrielle";"Oui";"mesures fixes";"Moy. annuelle";"13.0";"13.11248602310849";"µg-m3";"99.0";"93.0";"92.0";"R";"1";"47.322705";"-2.039243"
"2025/01/01 00:00:00";"2025/12/31 23:59:59";"AIR PAYS DE LA LOIRE";"FR52ZRE01";"ZR PAYS-DE-LA-LOIRE";"FR23068";"FROSSAY";"Rurale près des villes";"PM10";"Industrielle";"Oui";"mesures fixes";"Moy. annuelle";"13.0";"12.791244239631366";"µg-m3";"98.0";"93.0";"92.0";"R";"1";"47.247353";"-1.936522"
"2025/01/01 00:00:00";"2025/12/31 23:59:59";"AIR PAYS DE LA LOIRE";"FR52ZAG01";"ZAG NANTES-SAINT-NAZAIRE";"FR23070";"S ETIENNE DE MONTLUC";"Périurbaine";"PM10";"Industrielle";"Oui";"mesures fixes";"Moy. annuelle";"12.0";"11.979095183631964";"µg-m3";"96.0";"93.0";"90.0";"R";"1";"47.283127";"-1.783082"
"2025/01/01 00:00:00";"2025/12/31 23:59:59";"AIR PAYS DE LA LOIRE";"FR52ZRE01";"ZR PAYS-DE-LA-LOIRE";"FR23078";"SAINT EXUPERY";"Urbaine";"PM10";"Fond";"Oui";"mesures fixes";"Moy. annuelle";"14.0";"14.186549633745901";"µg-m3";"98.0";"93.0";"90.0";"R";"1";"47.055828";"-0.883576"
"2025/01/01 00:00:00";"2025/12/31 23:59:59";"AIR PAYS DE LA LOIRE";"FR52ZAG01";"ZAG NANTES-SAINT-NAZAIRE";"FR23107";"LA CHAUVINIERE";"Urbaine";"PM10";"Fond";"Oui";"mesures fixes";"Moy. annuelle";"15.0";"14.63652085452698";"µg-m3";"100.0";"11.0";"11.0";"N";"-1";"47.252777";"-1.573333"
"2025/01/01 00:00:00";"2025/12/31 23:59:59";"AIR PAYS DE LA LOIRE";"FR52ZAG01";"ZAG NANTES-SAINT-NAZAIRE";"FR23110";"LEON BLUM";"Urbaine";"PM10";"Fond";"Oui";"mesures fixes";"Moy. annuelle";"14.0";"13.861521363299568";"µg-m3";"99.0";"93.0";"92.0";"R";"1";"47.264109";"-2.250153"
"2025/01/01 00:00:00";"2025/12/31 23:59:59";"AIR PAYS DE LA LOIRE";"FR52ZAR01";"ZAR ANGERS-LOIRE";"FR23120";"BEAUX ARTS";"Urbaine";"PM10";"Fond";"Oui";"mesures fixes";"Moy. annuelle";"14.0";"13.752701494443679";"µg-m3";"96.0";"93.0";"89.0";"R";"1";"47.468498";"-0.555925"
"2025/01/01 00:00:00";"2025/12/31 23:59:59";"AIR PAYS DE LA LOIRE";"FR52ZAR03";"ZAR LAVAL";"FR23123";"MAZAGRAN";"Urbaine";"PM10";"Fond";"Oui";"mesures fixes";"Moy. annuelle";"14.0";"14.347574857708429";"µg-m3";"99.0";"93.0";"92.0";"R";"1";"48.069299";"-0.768129"
"2025/01/01 00:00:00";"2025/12/31 23:59:59";"AIR PAYS DE LA LOIRE";"FR52ZRE01";"ZR PAYS-DE-LA-LOIRE";"FR23124";"LA TARDIERE";"Rurale nationale";"PM10";"Fond";"Oui";"mesures fixes";"Moy. annuelle";"12.0";"11.773688736027522";"µg-m3";"100.0";"93.0";"93.0";"R";"1";"46.656625";"-0.743381"
"2025/01/01 00:00:00";"2025/12/31 23:59:59";"AIR PAYS DE LA LOIRE";"FR52ZRE01";"ZR PAYS-DE-LA-LOIRE";"FR23152";"DELACROIX";"Urbaine";"PM10";"Fond";"Oui";"mesures fixes";"Moy. annuelle";"13.0";"13.175338087042018";"µg-m3";"100.0";"93.0";"93.0";"R";"1";"46.660649";"-1.43686"
"2025/01/01 00:00:00";"2025/12/31 23:59:59";"AIR PAYS DE LA LOIRE";"FR52ZRE01";"ZR PAYS-DE-LA-LOIRE";"FR23177";"SAINT-DENIS D'ANJOU";"Rurale régionale";"PM10";"Fond";"Oui";"mesures fixes";"Moy. annuelle";"12.0";"12.302327872890734";"µg-m3";"99.0";"93.0";"93.0";"R";"1";"47.788334";"-0.444756"
"2025/01/01 00:00:00";"2025/12/31 23:59:59";"AIR PAYS DE LA LOIRE";"FR52ZAG01";"ZAG NANTES-SAINT-NAZAIRE";"FR23178";"PARSCAU DU PLESSIS";"Périurbaine";"PM10";"Industrielle";"Oui";"mesures fixes";"Moy. annuelle";"12.0";"12.143404522613013";"µg-m3";"99.0";"92.0";"91.0";"R";"1";"47.318894";"-2.066876"
"2025/01/01 00:00:00";"2025/12/31 23:59:59";"AIR PAYS DE LA LOIRE";"FR52ZAR02";"ZAR LE-MANS";"FR23182";"SOURCES";"Urbaine";"PM10";"Fond";"Oui";"mesures fixes";"Moy. annuelle";"12.0";"12.476126181416474";"µg-m3";"100.0";"93.0";"93.0";"R";"1";"47.971144";"0.221356"
"2025/01/01 00:00:00";"2025/12/31 23:59:59";"AIR PAYS DE LA LOIRE";"FR52ZAG01";"ZAG NANTES-SAINT-NAZAIRE";"FR23188";"CIM BOUTEILLERIE";"Urbaine";"PM10";"Fond";"Oui";"mesures fixes";"Moy. annuelle";"13.0";"13.00060975609756";"µg-m3";"98.0";"93.0";"92.0";"R";"1";"47.222188";"-1.537432"
"2025/01/01 00:00:00";"2025/12/31 23:59:59";"AIR PAYS DE LA LOIRE";"FR52ZAG01";"ZAG NANTES-SAINT-NAZAIRE";"FR23238";"LEVOYER";"Urbaine";"PM10";"Industrielle";"Oui";"mesures fixes";"Moy. annuelle";"17.0";"17.054276015145632";"µg-m3";"94.0";"93.0";"87.0";"R";"1";"47.194158";"-1.581689"
"2025/01/01 00:00:00";"2025/12/31 23:59:59";"AIR PAYS DE LA LOIRE";"FR52ZAG01";"ZAG NANTES-SAINT-NAZAIRE";"FR23239";"LA CHABOSSIERE";"Urbaine";"PM10";"Industrielle";"Oui";"mesures fixes";"Moy. annuelle";"14.0";"14.267928483353872";"µg-m3";"99.0";"93.0";"93.0";"R";"1";"47.185938";"-1.591504"
"2025/01/01 00:00:00";"2025/12/31 23:59:59";"AIR PAYS DE LA LOIRE";"FR52ZAR01";"ZAR ANGERS-LOIRE";"FR23242";"BD DU ROI RENE";"Urbaine";"PM10";"Trafic";"Oui";"mesures fixes";"Moy. annuelle";"16.0";"15.829921259842498";"µg-m3";"98.0";"93.0";"91.0";"R";"1";"47.466992";"-0.554686"
"2025/01/01 00:00:00";"2025/12/31 23:59:59";"AIR PAYS DE LA LOIRE";"FR52ZAG01";"ZAG NANTES-SAINT-NAZAIRE";"FR23249";"LA CAME";"Périurbaine";"PM10";"Industrielle";"Oui";"mesures fixes";"Moy. annuelle";"13.0";"13.140110429447825";"µg-m3";"100.0";"93.0";"93.0";"R";"1";"47.321129";"-2.127344"
"2025/01/01 00:00:00";"2025/12/31 23:59:59";"AIR PAYS DE LA LOIRE";"FR52ZAG01";"ZAG NANTES-SAINT-NAZAIRE";"FR23251";"FRERES GONCOURT";"Urbaine";"PM10";"Trafic";"Oui";"mesures fixes";"Moy. annuelle";"20.0";"20.411903229957467";"µg-m3";"95.0";"93.0";"89.0";"R";"1";"47.233557";"-1.564811"
"2025/01/01 00:00:00";"2025/12/31 23:59:59";"ATMO SUD";"FR93ZAG02";"ZAG NICE";"FR24009";"CANNES BROUSSAILLES";"Urbaine";"PM10";"Fond";"Oui";"mesures fixes";"Moy. annuelle";"13.0";"13.100412323903303";"µg-m3";"100.0";"100.0";"100.0";"R";"1";"43.558389";"7.005919"
"2025/01/01 00:00:00";"2025/12/31 23:59:59";"ATMO SUD";"FR93ZRE02";"ZR PROVENCE-ALPES-COTE-D-AZUR";"FR24018";"MANOSQUE";"Urbaine";"PM10";"Fond";"Oui";"mesures fixes";"Moy. annuelle";"13.0";"12.93029831387808";"µg-m3";"99.0";"45.0";"44.0";"N";"-1";"43.835784";"5.786131"
"2025/01/01 00:00:00";"2025/12/31 23:59:59";"ATMO SUD";"FR93ZAG02";"ZAG NICE";"FR24021";"PEILLON";"Périurbaine";"PM10";"Industrielle";"Oui";"mesures fixes";"Moy. annuelle";"17.0";"17.157333640340816";"µg-m3";"99.0";"100.0";"99.0";"R";"1";"43.786583";"7.373283"
"2025/01/01 00:00:00";"2025/12/31 23:59:59";"ATMO SUD";"FR93ZRE02";"ZR PROVENCE-ALPES-COTE-D-AZUR";"FR24033";"GAP COMMANDERIE";"Urbaine";"PM10";"Fond";"Oui";"mesures fixes";"Moy. annuelle";"16.0";"15.751499581789963";"µg-m3";"96.0";"100.0";"96.0";"R";"1";"44.555193";"6.073015"
"2025/01/01 00:00:00";"2025/12/31 23:59:59";"ATMO SUD";"FR93ZAG02";"ZAG NICE";"FR24035";"NICE PROMENADE";"Urbaine";"PM10";"Trafic";"Oui";"mesures fixes";"Moy. annuelle";"24.0";"24.04786646291288";"µg-m3";"98.0";"99.0";"97.0";"R";"1";"43.689291";"7.242074"
"2025/01/01 00:00:00";"2025/12/31 23:59:59";"ATMO SUD";"FR93ZAG02";"ZAG NICE";"FR24036";"NICE ARSON";"Urbaine";"PM10";"Fond";"Oui";"mesures fixes";"Moy. annuelle";"16.0";"15.564465841357118";"µg-m3";"100.0";"100.0";"100.0";"R";"1";"43.702075";"7.286256"
"2025/01/01 00:00:00";"2025/12/31 23:59:59";"ATMO SUD";"FR93ZRE02";"ZR PROVENCE-ALPES-COTE-D-AZUR";"FR24038";"GAP JEAN JAURES";"Urbaine";"PM10";"Trafic";"Oui";"mesures fixes";"Moy. annuelle";"17.0";"17.177081867229564";"µg-m3";"97.0";"100.0";"97.0";"R";"1";"44.548647";"6.067237"
"2025/01/01 00:00:00";"2025/12/31 23:59:59";"ATMO SUD";"FR93ZRE02";"ZR PROVENCE-ALPES-COTE-D-AZUR";"FR24039";"Obs Haute-Provence";"Rurale près des villes";"PM10";"Fond";"Oui";"mesures fixes";"Moy. annuelle";"8.0";"7.771065054692034";"µg-m3";"99.0";"100.0";"99.0";"R";"1";"43.933476";"5.711809"
"2025/01/01 00:00:00";"2025/12/31 23:59:59";"ATMO NORMANDIE";"FR28ZAG01";"ZAG ROUEN";"FR25035";"Gd Couronne Mairie";"Urbaine";"PM10";"Industrielle";"Oui";"mesures fixes";"Moy. annuelle";"16.0";"16.230013393400643";"µg-m3";"94.0";"100.0";"94.0";"R";"1";"49.358215";"1.007853"
"2025/01/01 00:00:00";"2025/12/31 23:59:59";"ATMO NORMANDIE";"FR28ZAG01";"ZAG ROUEN";"FR25036";"Espace du Palais";"Urbaine";"PM10";"Fond";"Oui";"mesures fixes";"Moy. annuelle";"16.0";"15.877015031364648";"µg-m3";"97.0";"100.0";"96.0";"R";"1";"49.442358";"1.093789"
"2025/01/01 00:00:00";"2025/12/31 23:59:59";"ATMO NORMANDIE";"FR28ZRE02";"ZR NORMANDIE";"FR25039";"Evreux Centre";"Urbaine";"PM10";"Fond";"Oui";"mesures fixes";"Moy. annuelle";"14.0";"13.527670512966958";"µg-m3";"100.0";"100.0";"100.0";"R";"1";"49.02134";"1.148319"
"2025/01/01 00:00:00";"2025/12/31 23:59:59";"ATMO NORMANDIE";"FR28ZAG01";"ZAG ROUEN";"FR25043";"Centre Hospitalier";"Urbaine";"PM10";"Fond";"Oui";"mesures fixes";"Moy. annuelle";"14.0";"14.435487567319793";"µg-m3";"100.0";"100.0";"100.0";"R";"1";"49.4005";"1.099042"
"2025/01/01 00:00:00";"2025/12/31 23:59:59";"ATMO NORMANDIE";"FR28ZAG01";"ZAG ROUEN";"FR25048";"Petit Quevilly";"Urbaine";"PM10";"Fond";"Oui";"mesures fixes";"Moy. annuelle";"17.0";"17.090724175958858";"µg-m3";"93.0";"100.0";"93.0";"R";"1";"49.42815";"1.058025"
"2025/01/01 00:00:00";"2025/12/31 23:59:59";"ATMO NORMANDIE";"FR28ZRE02";"ZR NORMANDIE";"FR25049";"Base loisirs Poses";"Rurale près des villes";"PM10";"Fond";"Oui";"mesures fixes";"Moy. annuelle";"13.0";"13.16667837078652";"µg-m3";"99.0";"99.0";"98.0";"R";"1";"49.30487";"1.214367"
"2025/01/01 00:00:00";"2025/12/31 23:59:59";"ATMO NORMANDIE";"FR28ZRE02";"ZR NORMANDIE";"FR25051";"Dieppe prox-auto";"Urbaine";"PM10";"Trafic";"Oui";"mesures fixes";"Moy. annuelle";"17.0";"17.067545443601798";"µg-m3";"96.0";"99.0";"95.0";"R";"1";"49.918007";"1.073972"
"2025/01/01 00:00:00";"2025/12/31 23:59:59";"ATMO NORMANDIE";"FR28ZAG01";"ZAG ROUEN";"FR25053";"Rouen Proxi Quai de Paris";"Urbaine";"PM10";"Trafic";"Oui";"mesures fixes";"Moy. annuelle";"18.0";"17.856276463262816";"µg-m3";"93.0";"98.0";"92.0";"R";"1";"49.436699";"1.098838"
"2025/01/01 00:00:00";"2025/12/31 23:59:59";"ATMO NORMANDIE";"FR28ZAG01";"ZAG ROUEN";"FR25054";"Petit-Quevilly Sud 3";"Urbaine";"PM10";"Trafic";"Oui";"mesures fixes";"Moy. annuelle";"19.0";"18.896306033916066";"µg-m3";"87.0";"100.0";"87.0";"R";"1";"49.4341639";"1.067052778"
"2025/01/01 00:00:00";"2025/12/31 23:59:59";"ATMO NORMANDIE";"FR28ZRE02";"ZR NORMANDIE";"FR25055";"Dieppe Golf";"Périurbaine";"PM10";"Fond";"Oui";"mesures fixes";"Moy. annuelle";"13.0";"13.303325993742039";"µg-m3";"100.0";"99.0";"99.0";"R";"1";"49.920492";"1.047892"
"2025/01/01 00:00:00";"2025/12/31 23:59:59";"ATMO BOURGOGNE-FRANCHE-COMTE";"FR27ZAR02";"ZAR DIJON";"FR26005";"Dijon Péjoces";"Périurbaine";"PM10";"Fond";"Oui";"mesures fixes";"Moy. annuelle";"14.0";"14.40138546436532";"µg-m3";"97.0";"100.0";"97.0";"R";"1";"47.307368";"5.065881"
"2025/01/01 00:00:00";"2025/12/31 23:59:59";"ATMO BOURGOGNE-FRANCHE-COMTE";"FR27ZRE01";"ZR BOURGOGNE-FRANCHE-COMTE";"FR26012";"Morvan";"Rurale nationale";"PM10";"Fond";"Oui";"mesures fixes";"Moy. annuelle";"9.0";"8.873061900816603";"µg-m3";"96.0";"100.0";"96.0";"R";"1";"47.274762";"4.099476"
"2025/01/01 00:00:00";"2025/12/31 23:59:59";"ATMO BOURGOGNE-FRANCHE-COMTE";"FR27ZAR02";"ZAR DIJON";"FR26014";"Dijon Trémouille";"Urbaine";"PM10";"Fond";"Oui";"mesures fixes";"Moy. annuelle";"13.0";"13.300116292592179";"µg-m3";"98.0";"100.0";"98.0";"R";"1";"47.325744";"5.041056"
"2025/01/01 00:00:00";"2025/12/31 23:59:59";"ATMO BOURGOGNE-FRANCHE-COMTE";"FR27ZRE01";"ZR BOURGOGNE-FRANCHE-COMTE";"FR26016";"Sens";"Urbaine";"PM10";"Fond";"Oui";"mesures fixes";"Moy. annuelle";"14.0";"13.995165810369008";"µg-m3";"98.0";"100.0";"98.0";"R";"1";"48.200436";"3.2773"
"2025/01/01 00:00:00";"2025/12/31 23:59:59";"ATMO BOURGOGNE-FRANCHE-COMTE";"FR27ZRE01";"ZR BOURGOGNE-FRANCHE-COMTE";"FR26017";"Nevers";"Urbaine";"PM10";"Fond";"Oui";"mesures fixes";"Moy. annuelle";"12.0";"12.40101749171146";"µg-m3";"100.0";"100.0";"100.0";"R";"1";"46.996828";"3.171092"
"2025/01/01 00:00:00";"2025/12/31 23:59:59";"ATMO BOURGOGNE-FRANCHE-COMTE";"FR27ZRE01";"ZR BOURGOGNE-FRANCHE-COMTE";"FR26019";"Auxerre";"Urbaine";"PM10";"Fond";"Oui";"mesures fixes";"Moy. annuelle";"13.0";"12.560148486579134";"µg-m3";"100.0";"100.0";"100.0";"R";"1";"47.800575";"3.576189"
"2025/01/01 00:00:00";"2025/12/31 23:59:59";"ATMO BOURGOGNE-FRANCHE-COMTE";"FR27ZAR02";"ZAR DIJON";"FR26094";"Dijon Ardennes";"Urbaine";"PM10";"Trafic";"Oui";"mesures fixes";"Moy. annuelle";"15.0";"15.41546102606052";"µg-m3";"98.0";"100.0";"98.0";"R";"1";"47.351367";"5.070706"
"2025/01/01 00:00:00";"2025/12/31 23:59:59";"ATMO AUVERGNE-RHÔNE-ALPES";"FR84ZAR02";"ZAR VALLEE-DU-RHONE";"FR27002";"ROUSSILLON";"Urbaine";"PM10";"Fond";"Oui";"mesures indicatives";"Moy. annuelle";"12.0";"12.491849637889427";"µg-m3";;;;"R";"1";"45.36782";"4.805147"
"2025/01/01 00:00:00";"2025/12/31 23:59:59";"ATMO AUVERGNE-RHÔNE-ALPES";"FR84ZAG01";"ZAG LYON";"FR27007";"Bourgoin-Jallieu";"Urbaine";"PM10";"Fond";"Oui";"mesures indicatives";"Moy. annuelle";"14.0";"13.55745970046873";"µg-m3";;;;"R";"1";"45.60822";"5.270872"
"2025/01/01 00:00:00";"2025/12/31 23:59:59";"ATMO AUVERGNE-RHÔNE-ALPES";"FR84ZAR02";"ZAR VALLEE-DU-RHONE";"FR27011";"A7 Salaise Ouest";"Périurbaine";"PM10";"Trafic";"Oui";"mesures indicatives";"Moy. annuelle";"15.0";"15.100315641805002";"µg-m3";;;;"R";"1";"45.344078";"4.807481"
"2025/01/01 00:00:00";"2025/12/31 23:59:59";"ATMO HAUTS DE FRANCE";"FR32ZAR04";"ZAR ARRAS";"FR28022";"St-Laurent-Blangy";"Périurbaine";"PM10";"Fond";"Oui";"mesures fixes";"Moy. annuelle";"17.0";"16.534006857702657";"µg-m3";"93.0";"100.0";"93.0";"R";"1";"50.30886";"2.807369"
"2025/01/01 00:00:00";"2025/12/31 23:59:59";"ATMO HAUTS DE FRANCE";"FR32ZAG01";"ZAG BLDV";"FR28028";"Bethune Stade";"Urbaine";"PM10";"Fond";"Oui";"mesures fixes";"Moy. annuelle";"17.0";"16.93560987593668";"µg-m3";"95.0";"98.0";"93.0";"R";"1";"50.535385";"2.635692"
"2025/01/01 00:00:00";"2025/12/31 23:59:59";"ATMO HAUTS DE FRANCE";"FR32ZAG01";"ZAG BLDV";"FR28033";"Noeux-les-Mines";"Périurbaine";"PM10";"Fond";"Oui";"mesures indicatives";"Moy. annuelle";"20.0";"19.53268648499863";"µg-m3";;;;"R";"1";"50.48972";"2.66642"
"2025/01/01 00:00:00";"2025/12/31 23:59:59";"ATMO HAUTS DE FRANCE";"FR32ZAG01";"ZAG BLDV";"FR28115";"Lens Varsovie";"Urbaine";"PM10";"Trafic";"Oui";"mesures indicatives";"Moy. annuelle";"6.0";"6.294920634920637";"µg-m3";;;;"N";"-1";"50.428604";"2.836111"
"2025/01/01 00:00:00";"2025/12/31 23:59:59";"ATMO AUVERGNE-RHÔNE-ALPES";"FR84ZRE02";"ZR AUVERGNE-RHONE-ALPES";"FR29423";"ROANNE";"Urbaine";"PM10";"Fond";"Oui";"mesures indicatives";"Moy. annuelle";"11.0";"11.03645108214151";"µg-m3";;;;"R";"1";"46.04111";"4.074656"
"2025/01/01 00:00:00";"2025/12/31 23:59:59";"ATMO AUVERGNE-RHÔNE-ALPES";"FR84ZAG03";"ZAG SAINT-ETIENNE";"FR29424";"SAINT ETIENNE SUD";"Urbaine";"PM10";"Fond";"Oui";"mesures fixes";"Moy. annuelle";"14.0";"13.505889185735896";"µg-m3";"98.0";"100.0";"98.0";"R";"1";"45.42009";"4.395422"
"2025/01/01 00:00:00";"2025/12/31 23:59:59";"ATMO AUVERGNE-RHÔNE-ALPES";"FR84ZAG03";"ZAG SAINT-ETIENNE";"FR29439";"LA TALAUDIERE";"Périurbaine";"PM10";"Fond";"Oui";"mesures indicatives";"Moy. annuelle";"14.0";"14.471281398309984";"µg-m3";;;;"R";"1";"45.481777";"4.429667"
"2025/01/01 00:00:00";"2025/12/31 23:59:59";"ATMO AUVERGNE-RHÔNE-ALPES";"FR84ZAG03";"ZAG SAINT-ETIENNE";"FR29441";"ST ETIENNE BD URBAIN ";"Urbaine";"PM10";"Trafic";"Oui";"mesures fixes";"Moy. annuelle";"17.0";"16.503687660969334";"µg-m3";"98.0";"100.0";"98.0";"R";"1";"45.4479806";"4.388763889"
"2025/01/01 00:00:00";"2025/12/31 23:59:59";"ATMO GRAND EST";"FR44ZRE01";"ZR GRAND-EST";"FR30019";"Epinal";"Urbaine";"PM10";"Fond";"Oui";"mesures fixes";"Moy. annuelle";"14.0";"14.479637281910035";"µg-m3";"99.0";"100.0";"99.0";"R";"1";"48.1726528";"6.45281666"
"2025/01/01 00:00:00";"2025/12/31 23:59:59";"ATMO GRAND EST";"FR44ZAG03";"ZAG NANCY";"FR30021";"Fléville";"Périurbaine";"PM10";"Fond";"Oui";"mesures fixes";"Moy. annuelle";"16.0";"15.817469000729401";"µg-m3";"94.0";"99.0";"94.0";"R";"1";"48.621502";"6.194922"
"2025/01/01 00:00:00";"2025/12/31 23:59:59";"ATMO GRAND EST";"FR44ZRE01";"ZR GRAND-EST";"FR30027";"Frolois";"Urbaine";"PM10";"Industrielle";"Oui";"mesures fixes";"Moy. annuelle";"17.0";"16.710359678733557";"µg-m3";"98.0";"100.0";"98.0";"R";"1";"48.565445";"6.129578"
"2025/01/01 00:00:00";"2025/12/31 23:59:59";"ATMO GRAND EST";"FR44ZAG03";"ZAG NANCY";"FR30030";"Neuves-Maisons";"Urbaine";"PM10";"Industrielle";"Oui";"mesures fixes";"Moy. annuelle";"15.0";"15.473696393762228";"µg-m3";"94.0";"100.0";"94.0";"R";"1";"48.614914";"6.107672"
"2025/01/01 00:00:00";"2025/12/31 23:59:59";"ATMO GRAND EST";"FR44ZRE01";"ZR GRAND-EST";"FR30032";"Heming";"Rurale près des villes";"PM10";"Industrielle";"Oui";"mesures fixes";"Moy. annuelle";"17.0";"17.012769741522426";"µg-m3";"96.0";"100.0";"96.0";"R";"1";"48.694725";"6.965275"
"2025/01/01 00:00:00";"2025/12/31 23:59:59";"ATMO GRAND EST";"FR44ZRE01";"ZR GRAND-EST";"FR30033";"Jonville en Woevre";"Rurale régionale";"PM10";"Fond";"Oui";"mesures fixes";"Moy. annuelle";"18.0";"17.525077208153238";"µg-m3";"92.0";"100.0";"92.0";"R";"1";"49.06583";"5.785556"
"2025/01/01 00:00:00";"2025/12/31 23:59:59";"ATMO GRAND EST";"FR44ZAG03";"ZAG NANCY";"FR30034";"Nancy-Charles III";"Urbaine";"PM10";"Fond";"Oui";"mesures fixes";"Moy. annuelle";"16.0";"16.22226165707995";"µg-m3";"94.0";"99.0";"93.0";"R";"1";"48.68817";"6.190431"
"2025/01/01 00:00:00";"2025/12/31 23:59:59";"ATMO NOUVELLE-AQUITAINE";"FR75ZAG01";"ZAG BORDEAUX";"FR31001";"GRAND PARC";"Urbaine";"PM10";"Fond";"Oui";"mesures fixes";"Moy. annuelle";"18.0";"17.77973782771532";"µg-m3";"98.0";"94.0";"91.0";"R";"1";"44.86121";"-0.58037"
"2025/01/01 00:00:00";"2025/12/31 23:59:59";"ATMO NOUVELLE-AQUITAINE";"FR75ZAG01";"ZAG BORDEAUX";"FR31002";"TALENCE";"Urbaine";"PM10";"Fond";"Oui";"mesures fixes";"Moy. annuelle";"13.0";"13.336044433094935";"µg-m3";"95.0";"94.0";"89.0";"R";"1";"44.800462";"-0.589398"
"2025/01/01 00:00:00";"2025/12/31 23:59:59";"ATMO NOUVELLE-AQUITAINE";"FR75ZAG01";"ZAG BORDEAUX";"FR31006";"Mérignac - Yser";"Urbaine";"PM10";"Trafic";"Oui";"mesures fixes";"Moy. annuelle";"18.0";"17.937990600787508";"µg-m3";"96.0";"94.0";"90.0";"R";"1";"44.841373";"-0.651068"
"2025/01/01 00:00:00";"2025/12/31 23:59:59";"ATMO NOUVELLE-AQUITAINE";"FR75ZAG01";"ZAG BORDEAUX";"FR31007";"BASSENS";"Urbaine";"PM10";"Fond";"Oui";"mesures fixes";"Moy. annuelle";"13.0";"13.151507384352476";"µg-m3";"100.0";"94.0";"94.0";"R";"1";"44.900296";"-0.515835"
"2025/01/01 00:00:00";"2025/12/31 23:59:59";"ATMO NOUVELLE-AQUITAINE";"FR75ZRE02";"ZR NOUVELLE-AQUITAINE";"FR31013";"BILLERE";"Urbaine";"PM10";"Fond";"Oui";"mesures fixes";"Moy. annuelle";"13.0";"13.121907931225724";"µg-m3";"97.0";"85.0";"82.0";"N";"-1";"43.310797";"-0.391543"
"2025/01/01 00:00:00";"2025/12/31 23:59:59";"ATMO NOUVELLE-AQUITAINE";"FR75ZAG02";"ZAG BAYONNE";"FR31016";"SAINT-CROUTS";"Urbaine";"PM10";"Fond";"Oui";"mesures fixes";"Moy. annuelle";"17.0";"16.971426770859583";"µg-m3";"97.0";"93.0";"91.0";"R";"1";"43.47982";"-1.489157"
"2025/01/01 00:00:00";"2025/12/31 23:59:59";"ATMO NOUVELLE-AQUITAINE";"FR75ZAG02";"ZAG BAYONNE";"FR31017";"ANGLET";"Urbaine";"PM10";"Trafic";"Oui";"mesures fixes";"Moy. annuelle";"22.0";"21.59844353131611";"µg-m3";"98.0";"94.0";"92.0";"R";"1";"43.494041";"-1.528753"
"2025/01/01 00:00:00";"2025/12/31 23:59:59";"ATMO NOUVELLE-AQUITAINE";"FR75ZRE02";"ZR NOUVELLE-AQUITAINE";"FR31021";"LABASTIDE CEZERACQ";"Rurale près des villes";"PM10";"Fond";"Oui";"mesures fixes";"Moy. annuelle";"11.0";"10.698274307791317";"µg-m3";"95.0";"94.0";"89.0";"R";"1";"43.376279";"-0.538206"
"2025/01/01 00:00:00";"2025/12/31 23:59:59";"ATMO NOUVELLE-AQUITAINE";"FR75ZRE02";"ZR NOUVELLE-AQUITAINE";"FR31026";"TARTAS Pelletrin";"Périurbaine";"PM10";"Industrielle";"Oui";"mesures fixes";"Moy. annuelle";"15.0";"15.31802712700362";"µg-m3";"99.0";"94.0";"93.0";"R";"1";"43.838876";"-0.81203"
"2025/01/01 00:00:00";"2025/12/31 23:59:59";"ATMO NOUVELLE-AQUITAINE";"FR75ZRE02";"ZR NOUVELLE-AQUITAINE";"FR31033";"PERIGUEUX";"Urbaine";"PM10";"Fond";"Oui";"mesures fixes";"Moy. annuelle";"12.0";"12.38309166871467";"µg-m3";"99.0";"94.0";"93.0";"R";"1";"45.189825";"0.727184"
"2025/01/01 00:00:00";"2025/12/31 23:59:59";"ATMO NOUVELLE-AQUITAINE";"FR75ZRE02";"ZR NOUVELLE-AQUITAINE";"FR31039";"PAU TOURASSE";"Urbaine";"PM10";"Trafic";"Oui";"mesures fixes";"Moy. annuelle";"17.0";"17.265398009950342";"µg-m3";"98.0";"94.0";"92.0";"R";"1";"43.311091";"-0.352116"
"2025/01/01 00:00:00";"2025/12/31 23:59:59";"ATMO NOUVELLE-AQUITAINE";"FR75ZRE02";"ZR NOUVELLE-AQUITAINE";"FR31040";"MARMANDE";"Périurbaine";"PM10";"Trafic";"Oui";"mesures fixes";"Moy. annuelle";"16.0";"16.478038485412785";"µg-m3";"98.0";"94.0";"92.0";"R";"1";"44.508782";"0.142695"
"2025/01/01 00:00:00";"2025/12/31 23:59:59";"ATMO NOUVELLE-AQUITAINE";"FR75ZAG02";"ZAG BAYONNE";"FR31043";"Biarritz-hippodrome";"Périurbaine";"PM10";"Fond";"Oui";"mesures fixes";"Moy. annuelle";"17.0";"16.867751479290035";"µg-m3";"99.0";"94.0";"93.0";"R";"1";"43.470237";"-1.553876"
"2025/01/01 00:00:00";"2025/12/31 23:59:59";"ATMO NOUVELLE-AQUITAINE";"FR75ZAG01";"ZAG BORDEAUX";"FR31045";"Bordeaux_GAUTIER";"Urbaine";"PM10";"Trafic";"Oui";"mesures fixes";"Moy. annuelle";"22.0";"22.064494971578487";"µg-m3";"94.0";"56.0";"52.0";"N";"-1";"44.833825";"-0.598525"
"2025/01/01 00:00:00";"2025/12/31 23:59:59";"ATMO NOUVELLE-AQUITAINE";"FR75ZRE02";"ZR NOUVELLE-AQUITAINE";"FR31055";"MONT-DE-MARSAN - MIDOUZE";"Urbaine";"PM10";"Fond";"Oui";"mesures fixes";"Moy. annuelle";"14.0";"14.414838471932214";"µg-m3";"99.0";"94.0";"93.0";"R";"1";"43.888972";"-0.507028"
"2025/01/01 00:00:00";"2025/12/31 23:59:59";"ATMO NOUVELLE-AQUITAINE";"FR75ZAG01";"ZAG BORDEAUX";"FR31057";"Floirac Branne";"Urbaine";"PM10";"Trafic";"Oui";"mesures fixes";"Moy. annuelle";"17.0";"17.333117851815118";"µg-m3";"98.0";"94.0";"92.0";"R";"1";"44.84341";"-0.50698"
"2025/01/01 00:00:00";"2025/12/31 23:59:59";"ATMO BOURGOGNE-FRANCHE-COMTE";"FR27ZAR04";"ZAR CHALON";"FR32002";"Champforgueil";"Périurbaine";"PM10";"Fond";"Oui";"mesures fixes";"Moy. annuelle";"15.0";"15.050901525658828";"µg-m3";"99.0";"100.0";"99.0";"R";"1";"46.821056";"4.835083"
"2025/01/01 00:00:00";"2025/12/31 23:59:59";"ATMO BOURGOGNE-FRANCHE-COMTE";"FR27ZRE01";"ZR BOURGOGNE-FRANCHE-COMTE";"FR32005";"Montceau-les-Mines 9me écluse";"Urbaine";"PM10";"Fond";"Oui";"mesures fixes";"Moy. annuelle";"14.0";"14.071935297515859";"µg-m3";"99.0";"100.0";"99.0";"R";"1";"46.678785";"4.366893"
"2025/01/01 00:00:00";"2025/12/31 23:59:59";"ATMO AUVERGNE-RHÔNE-ALPES";"FR84ZAR01";"ZAR PAYS-DE-SAVOIE";"FR33101";"PASTEUR";"Urbaine";"PM10";"Fond";"Oui";"mesures indicatives";"Moy. annuelle";"12.0";"11.672203350122992";"µg-m3";;;;"R";"1";"45.56472";"5.928333"
"2025/01/01 00:00:00";"2025/12/31 23:59:59";"ATMO AUVERGNE-RHÔNE-ALPES";"FR84ZAR01";"ZAR PAYS-DE-SAVOIE";"FR33105";"Chambéry Trafic";"Urbaine";"PM10";"Trafic";"Oui";"mesures indicatives";"Moy. annuelle";"15.0";"14.56994870511698";"µg-m3";;;;"R";"1";"45.56943";"5.932986"
"2025/01/01 00:00:00";"2025/12/31 23:59:59";"ATMO AUVERGNE-RHÔNE-ALPES";"FR84ZRE02";"ZR AUVERGNE-RHONE-ALPES";"FR33111";"SAINT JEAN";"Urbaine";"PM10";"Fond";"Oui";"mesures indicatives";"Moy. annuelle";"10.0";"10.269374999999998";"µg-m3";;;;"N";"-1";"45.27475";"6.349636"
"2025/01/01 00:00:00";"2025/12/31 23:59:59";"ATMO AUVERGNE-RHÔNE-ALPES";"FR84ZRE02";"ZR AUVERGNE-RHONE-ALPES";"FR33113";"Maurienne Trafic";"Périurbaine";"PM10";"Trafic";"Oui";"mesures fixes";"Moy. annuelle";"9.0";"8.591201875617053";"µg-m3";"93.0";"99.0";"93.0";"R";"1";"45.209364";"6.480326"
"2025/01/01 00:00:00";"2025/12/31 23:59:59";"ATMO AUVERGNE-RHÔNE-ALPES";"FR84ZAR03";"ZAR VALLEE-DE-L-ARVE";"FR33120";"CHAMONIX";"Urbaine";"PM10";"Fond";"Oui";"mesures indicatives";"Moy. annuelle";"15.0";"14.984322897924919";"µg/m3";;;;"R";"1";"45.9225";"6.87"
"2025/01/01 00:00:00";"2025/12/31 23:59:59";"ATMO AUVERGNE-RHÔNE-ALPES";"FR84ZAR04";"ZAR VALLEE-DE-LA-TARANTAISE";"FR33121";"Albertville";"Urbaine";"PM10";"Fond";"Oui";"mesures fixes";"Moy. annuelle";"14.0";"14.266144344046639";"µg-m3";"100.0";"100.0";"100.0";"R";"1";"45.675";"6.389722"
"2025/01/01 00:00:00";"2025/12/31 23:59:59";"ATMO AUVERGNE-RHÔNE-ALPES";"FR84ZAR04";"ZAR VALLEE-DE-LA-TARANTAISE";"FR33122";"La Léchère";"Rurale près des villes";"PM10";"Industrielle";"Oui";"mesures fixes";"Moy. annuelle";"20.0";"20.445585585585565";"µg-m3";"95.0";"100.0";"95.0";"R";"1";"45.53583";"6.471111"
"2025/01/01 00:00:00";"2025/12/31 23:59:59";"ATMO AUVERGNE-RHÔNE-ALPES";"FR84ZAR01";"ZAR PAYS-DE-SAVOIE";"FR33201";"LOVERCHY";"Urbaine";"PM10";"Fond";"Oui";"mesures fixes";"Moy. annuelle";"18.0";"17.806127605811746";"µg-m3";"90.0";"100.0";"90.0";"R";"1";"45.89528";"6.118333"
"2025/01/01 00:00:00";"2025/12/31 23:59:59";"ATMO AUVERGNE-RHÔNE-ALPES";"FR84ZAR01";"ZAR PAYS-DE-SAVOIE";"FR33203";"ANNECY Rocade";"Urbaine";"PM10";"Trafic";"Oui";"mesures fixes";"Moy. annuelle";"20.0";"19.91397792958496";"µg-m3";"88.0";"98.0";"87.0";"R";"1";"45.9097";"6.11825"
"2025/01/01 00:00:00";"2025/12/31 23:59:59";"ATMO AUVERGNE-RHÔNE-ALPES";"FR84ZAR01";"ZAR PAYS-DE-SAVOIE";"FR33211";"ANNEMASSE";"Urbaine";"PM10";"Fond";"Oui";"mesures indicatives";"Moy. annuelle";"17.0";"16.546669000116687";"µg/m3";;;;"R";"1";"46.19583";"6.240556"
"2025/01/01 00:00:00";"2025/12/31 23:59:59";"ATMO AUVERGNE-RHÔNE-ALPES";"FR84ZAR01";"ZAR PAYS-DE-SAVOIE";"FR33212";"GAILLARD";"Urbaine";"PM10";"Fond";"Oui";"mesures indicatives";"Moy. annuelle";"14.0";"14.468446379468375";"µg-m3";;;;"R";"1";"46.193641";"6.214534"
"2025/01/01 00:00:00";"2025/12/31 23:59:59";"ATMO AUVERGNE-RHÔNE-ALPES";"FR84ZAR03";"ZAR VALLEE-DE-L-ARVE";"FR33220";"PASSY";"Périurbaine";"PM10";"Fond";"Oui";"mesures fixes";"Moy. annuelle";"19.0";"18.859718475073294";"µg-m3";"97.0";"100.0";"97.0";"R";"1";"45.92361";"6.713611"
"2025/01/01 00:00:00";"2025/12/31 23:59:59";"ATMO AUVERGNE-RHÔNE-ALPES";"FR84ZAR03";"ZAR VALLEE-DE-L-ARVE";"FR33232";"BOSSONS";"Urbaine";"PM10";"Trafic";"Oui";"mesures fixes";"Moy. annuelle";"15.0";"15.058913922588122";"µg-m3";"99.0";"100.0";"99.0";"R";"1";"45.907223";"6.845833"
"2025/01/01 00:00:00";"2025/12/31 23:59:59";"ATMO AUVERGNE-RHÔNE-ALPES";"FR84ZRE02";"ZR AUVERGNE-RHONE-ALPES";"FR33302";"St Germain/Rhône";"Rurale près des villes";"PM10";"Fond";"Oui";"mesures indicatives";"Moy. annuelle";"13.0";"13.412868873492428";"µg-m3";;;;"R";"1";"46.072224";"5.820833"
"2025/01/01 00:00:00";"2025/12/31 23:59:59";"ATMO AUVERGNE-RHÔNE-ALPES";"FR84ZRE02";"ZR AUVERGNE-RHONE-ALPES";"FR33305";"Bourg-en-Bresse";"Urbaine";"PM10";"Fond";"Oui";"mesures fixes";"Moy. annuelle";"12.0";"12.062160202972093";"µg-m3";"96.0";"99.0";"94.0";"R";"1";"46.211666";"5.226389"
"2025/01/01 00:00:00";"2025/12/31 23:59:59";"LIG'AIR";"FR24ZAG02";"ZAG ORLEANS";"FR34013";"Gambetta";"Urbaine";"PM10";"Trafic";"Oui";"mesures fixes";"Moy. annuelle";"14.0";"14.393187175860414";"µg-m3";"97.0";"100.0";"97.0";"R";"1";"47.907083";"1.901139"
"2025/01/01 00:00:00";"2025/12/31 23:59:59";"LIG'AIR";"FR24ZAG01";"ZAG TOURS";"FR34024";"Joué lès Tours";"Urbaine";"PM10";"Fond";"Oui";"mesures fixes";"Moy. annuelle";"12.0";"12.04326956123268";"µg-m3";"100.0";"100.0";"100.0";"R";"1";"47.344139";"0.653778"
"2025/01/01 00:00:00";"2025/12/31 23:59:59";"LIG'AIR";"FR24ZAG01";"ZAG TOURS";"FR34025";"La Bruyère";"Urbaine";"PM10";"Fond";"Oui";"mesures fixes";"Moy. annuelle";"12.0";"11.779682205865157";"µg-m3";"99.0";"99.0";"98.0";"R";"1";"47.419083";"0.682944"
"2025/01/01 00:00:00";"2025/12/31 23:59:59";"LIG'AIR";"FR24ZAG01";"ZAG TOURS";"FR34028";"Pompidou";"Urbaine";"PM10";"Trafic";"Oui";"mesures fixes";"Moy. annuelle";"15.0";"15.316057456498962";"µg-m3";"98.0";"100.0";"98.0";"R";"1";"47.394639";"0.704861"
"2025/01/01 00:00:00";"2025/12/31 23:59:59";"LIG'AIR";"FR24ZAG02";"ZAG ORLEANS";"FR34029";"La_Source-CNRS";"Urbaine";"PM10";"Fond";"Oui";"mesures fixes";"Moy. annuelle";"12.0";"12.24316264702388";"µg-m3";"97.0";"99.0";"96.0";"R";"1";"47.83775";"1.944667"
"2025/01/01 00:00:00";"2025/12/31 23:59:59";"LIG'AIR";"FR24ZRE02";"ZR CENTRE-VAL-DE-LOIRE";"FR34030";"Bourges-Baffier";"Urbaine";"PM10";"Trafic";"Oui";"mesures fixes";"Moy. annuelle";"11.0";"11.44787062615106";"µg-m3";"99.0";"100.0";"99.0";"R";"1";"47.075044";"2.407183"
"2025/01/01 00:00:00";"2025/12/31 23:59:59";"LIG'AIR";"FR24ZRE02";"ZR CENTRE-VAL-DE-LOIRE";"FR34032";"Leblanc";"Urbaine";"PM10";"Fond";"Oui";"mesures fixes";"Moy. annuelle";"12.0";"12.244046388793246";"µg-m3";"99.0";"100.0";"99.0";"R";"1";"47.082778";"2.405333"
"2025/01/01 00:00:00";"2025/12/31 23:59:59";"LIG'AIR";"FR24ZRE02";"ZR CENTRE-VAL-DE-LOIRE";"FR34041";"Fulbert";"Urbaine";"PM10";"Fond";"Oui";"mesures fixes";"Moy. annuelle";"14.0";"13.897917864948818";"µg-m3";"100.0";"100.0";"99.0";"R";"1";"48.444417";"1.510139"
"2025/01/01 00:00:00";"2025/12/31 23:59:59";"LIG'AIR";"FR24ZRE02";"ZR CENTRE-VAL-DE-LOIRE";"FR34046";"Dreux Centre";"Urbaine";"PM10";"Fond";"Oui";"mesures fixes";"Moy. annuelle";"13.0";"13.238240131578916";"µg-m3";"98.0";"99.0";"97.0";"R";"1";"48.729694";"1.358472"
"2025/01/01 00:00:00";"2025/12/31 23:59:59";"LIG'AIR";"FR24ZRE02";"ZR CENTRE-VAL-DE-LOIRE";"FR34047";"Saint-Remy";"Périurbaine";"PM10";"Trafic";"Oui";"mesures fixes";"Moy. annuelle";"20.0";"19.57841028638231";"µg-m3";"98.0";"100.0";"98.0";"R";"1";"48.760889";"1.233639"
"2025/01/01 00:00:00";"2025/12/31 23:59:59";"LIG'AIR";"FR24ZRE02";"ZR CENTRE-VAL-DE-LOIRE";"FR34051";"Chateauroux Sud";"Urbaine";"PM10";"Fond";"Oui";"mesures fixes";"Moy. annuelle";"12.0";"12.421543985637362";"µg-m3";"97.0";"98.0";"95.0";"R";"1";"46.798278";"1.693139"
"2025/01/01 00:00:00";"2025/12/31 23:59:59";"LIG'AIR";"FR24ZAR02";"ZAR BLOIS";"FR34061";"Blois nord";"Urbaine";"PM10";"Fond";"Oui";"mesures fixes";"Moy. annuelle";"12.0";"12.25216591979781";"µg-m3";"100.0";"100.0";"99.0";"R";"1";"47.594256";"1.302667"
"2025/01/01 00:00:00";"2025/12/31 23:59:59";"LIG'AIR";"FR24ZRE02";"ZR CENTRE-VAL-DE-LOIRE";"FR34066";"Montargis Les Cites";"Urbaine";"PM10";"Fond";"Oui";"mesures fixes";"Moy. annuelle";"12.0";"12.445540069686446";"µg-m3";"98.0";"100.0";"98.0";"R";"1";"48.00145";"2.72618"
"2025/01/01 00:00:00";"2025/12/31 23:59:59";"LIG'AIR";"FR24ZAG02";"ZAG ORLEANS";"FR34067";"St Jean de la Ruelle";"Urbaine";"PM10";"Fond";"Oui";"mesures fixes";"Moy. annuelle";"14.0";"13.862009569377975";"µg-m3";"96.0";"99.0";"95.0";"R";"1";"47.910303";"1.873431"
"2025/01/01 00:00:00";"2025/12/31 23:59:59";"ATMO NOUVELLE-AQUITAINE";"FR75ZRE02";"ZR NOUVELLE-AQUITAINE";"FR35002";"ST JUNIEN - Fontaine";"Urbaine";"PM10";"Fond";"Oui";"mesures fixes";"Moy. annuelle";"11.0";"10.710742368177636";"µg-m3";"99.0";"100.0";"99.0";"R";"1";"45.884851";"0.898431"
"2025/01/01 00:00:00";"2025/12/31 23:59:59";"ATMO NOUVELLE-AQUITAINE";"FR75ZRE02";"ZR NOUVELLE-AQUITAINE";"FR35004";"BRIVE - Dalton";"Urbaine";"PM10";"Fond";"Oui";"mesures fixes";"Moy. annuelle";"14.0";"13.958199018920835";"µg-m3";"98.0";"99.0";"98.0";"R";"1";"45.158738";"1.537259"
"2025/01/01 00:00:00";"2025/12/31 23:59:59";"ATMO NOUVELLE-AQUITAINE";"FR75ZRE02";"ZR NOUVELLE-AQUITAINE";"FR35005";"GUERET - Nicolas";"Urbaine";"PM10";"Fond";"Oui";"mesures fixes";"Moy. annuelle";"9.0";"9.429059127170316";"µg-m3";"98.0";"99.0";"97.0";"R";"1";"46.17362";"1.873024"
"2025/01/01 00:00:00";"2025/12/31 23:59:59";"ATMO NOUVELLE-AQUITAINE";"FR75ZRE02";"ZR NOUVELLE-AQUITAINE";"FR35006";"TULLE - Hugo";"Urbaine";"PM10";"Fond";"Oui";"mesures fixes";"Moy. annuelle";"11.0";"11.081858202038918";"µg-m3";"99.0";"100.0";"99.0";"R";"1";"45.262665";"1.762752"
"2025/01/01 00:00:00";"2025/12/31 23:59:59";"ATMO NOUVELLE-AQUITAINE";"FR75ZAR01";"ZAR LIMOGES";"FR35007";"PALAIS S/ V.- Garros";"Périurbaine";"PM10";"Fond";"Oui";"mesures fixes";"Moy. annuelle";"12.0";"11.801526717557259";"µg-m3";"99.0";"100.0";"99.0";"R";"1";"45.873311";"1.307916"
"2025/01/01 00:00:00";"2025/12/31 23:59:59";"ATMO NOUVELLE-AQUITAINE";"FR75ZAR01";"ZAR LIMOGES";"FR35010";"LIMOGES - Aine";"Urbaine";"PM10";"Trafic";"Oui";"mesures fixes";"Moy. annuelle";"12.0";"12.360654976193272";"µg-m3";"98.0";"100.0";"98.0";"R";"1";"45.829975";"1.254772"
"2025/01/01 00:00:00";"2025/12/31 23:59:59";"ATMO NOUVELLE-AQUITAINE";"FR75ZRE02";"ZR NOUVELLE-AQUITAINE";"FR35019";"SAILLAT - Ipaper";"Rurale près des villes";"PM10";"Industrielle";"Oui";"mesures fixes";"Moy. annuelle";"14.0";"14.293454713067563";"µg-m3";"99.0";"100.0";"99.0";"R";"1";"45.875834";"0.823951"
"2025/01/01 00:00:00";"2025/12/31 23:59:59";"ATMO NOUVELLE-AQUITAINE";"FR75ZAR01";"ZAR LIMOGES";"FR35027";"LIMOGES - BERLAND";"Urbaine";"PM10";"Fond";"Oui";"mesures fixes";"Moy. annuelle";"11.0";"10.67491950321988";"µg-m3";"99.0";"100.0";"99.0";"R";"1";"45.842204";"1.259689"
"2025/01/01 00:00:00";"2025/12/31 23:59:59";"ATMO AUVERGNE-RHÔNE-ALPES";"FR84ZAR02";"ZAR VALLEE-DU-RHONE";"FR36002";"Valence Urb. Centre";"Urbaine";"PM10";"Fond";"Oui";"mesures indicatives";"Moy. annuelle";"15.0";"14.802943936195168";"µg-m3";;;;"R";"1";"44.933514";"4.893481"
"2025/01/01 00:00:00";"2025/12/31 23:59:59";"ATMO AUVERGNE-RHÔNE-ALPES";"FR84ZAR02";"ZAR VALLEE-DU-RHONE";"FR36019";"Romans-sur-Isère";"Urbaine";"PM10";"Fond";"Oui";"mesures fixes";"Moy. annuelle";"17.0";"16.88334096109842";"µg-m3";"100.0";"100.0";"100.0";"R";"1";"45.0425";"5.0443"
"2025/01/01 00:00:00";"2025/12/31 23:59:59";"ATMO AUVERGNE-RHÔNE-ALPES";"FR84ZRE02";"ZR AUVERGNE-RHONE-ALPES";"FR36021";"Drôme Rurale Sud-SND";"Rurale nationale";"PM10";"Fond";"Oui";"mesures fixes";"Moy. annuelle";"8.0";"7.955875272268729";"µg-m3";"100.0";"100.0";"100.0";"R";"1";"44.569443";"5.278972"
"2025/01/01 00:00:00";"2025/12/31 23:59:59";"ATMO AUVERGNE-RHÔNE-ALPES";"FR84ZAR02";"ZAR VALLEE-DU-RHONE";"FR36032";"A7 Valence Est";"Urbaine";"PM10";"Trafic";"Oui";"mesures fixes";"Moy. annuelle";"16.0";"16.309058055490794";"µg-m3";"98.0";"100.0";"98.0";"R";"1";"44.9492";"4.890133"
"2025/01/01 00:00:00";"2025/12/31 23:59:59";"GWAD'AIR";"FR01ZAG01";"ZAG POINTE-A-PITRE";"FR37001";"ST de Baie mahault";"Périurbaine";"PM10";"Fond";"Oui";"mesures fixes";"Moy. annuelle";"22.0";"22.250754458161857";"µg-m3";"94.0";"98.0";"92.0";"R";"1";"16.257308";"-61.591725"
"2025/01/01 00:00:00";"2025/12/31 23:59:59";"GWAD'AIR";"FR01ZAG01";"ZAG POINTE-A-PITRE";"FR37006";"PTP-VICTOIRE";"Urbaine";"PM10";"Fond";"Oui";"mesures fixes";"Moy. annuelle";"22.0";"22.290652173912914";"µg/m3";"95.0";"99.0";"95.0";"R";"1";"16.23674";"-61.534101"
"2025/01/01 00:00:00";"2025/12/31 23:59:59";"GWAD'AIR";"FR01ZRE01";"ZR GUADELOUPE";"FR37010";"BT_PICHON";"Urbaine";"PM10";"Fond";"Oui";"mesures fixes";"Moy. annuelle";"18.0";"17.883440039399183";"µg/m3";"96.0";"97.0";"93.0";"R";"1";"15.994349";"-61.727203"
"2025/01/01 00:00:00";"2025/12/31 23:59:59";"GWAD'AIR";"FR01ZRE01";"ZR GUADELOUPE";"FR37038";"SXM Marigot";"Urbaine";"PM10";"Fond";"Oui";"mesures indicatives";"Moy. annuelle";"22.0";"21.68158199356913";"µg/m3";;;;"R";"1";"18.070114";"-63.081481"
"2025/01/01 00:00:00";"2025/12/31 23:59:59";"GWAD'AIR";"FR01ZAG01";"ZAG POINTE-A-PITRE";"FR37040";"ABYMES RN1";"Périurbaine";"PM10";"Trafic";"Oui";"mesures fixes";"Moy. annuelle";"26.0";"26.246757543673855";"µg-m3";"88.0";"98.0";"86.0";"R";"1";"16.254085";"-61.53713"
"2025/01/01 00:00:00";"2025/12/31 23:59:59";"GWAD'AIR";"FR01ZRE01";"ZR GUADELOUPE";"FR37041";"Anse-Bertrand Campêche";"Rurale régionale";"PM10";"Fond";"Oui";"mesures fixes";"Moy. annuelle";"22.0";"22.095096621532793";"µg/m3";"88.0";"99.0";"87.0";"R";"1";"16.4545";"-61.4281"
"2025/01/01 00:00:00";"2025/12/31 23:59:59";"ATMO REUNION";"FR04ZAR01";"ZAR SAINT-DENIS";"FR38001";"LYC. LISLET GEOFFROY";"Urbaine";"PM10";"Fond";"Oui";"mesures fixes";"Moy. annuelle";"9.0";"8.816233236151609";"µg-m3";"98.0";"100.0";"98.0";"R";"1";"-20.889893";"55.46884"
"2025/01/01 00:00:00";"2025/12/31 23:59:59";"ATMO REUNION";"FR04ZAR02";"ZAR VOLCAN";"FR38011";"Station Luther King";"Urbaine";"PM10";"Fond";"Oui";"mesures fixes";"Moy. annuelle";"14.0";"13.717418644867175";"µg-m3";"85.0";"86.0";"73.0";"N";"-1";"-21.334406";"55.45906"
"2025/01/01 00:00:00";"2025/12/31 23:59:59";"ATMO REUNION";"FR04ZAR02";"ZAR VOLCAN";"FR38014";"Ligne Paradis";"Périurbaine";"PM10";"Fond";"Oui";"mesures fixes";"Moy. annuelle";"11.0";"11.266160547604247";"µg-m3";"96.0";"95.0";"92.0";"R";"1";"-21.312895";"55.474194"
"2025/01/01 00:00:00";"2025/12/31 23:59:59";"ATMO REUNION";"FR04ZAR02";"ZAR VOLCAN";"FR38016";"Station Bourg-Murat";"Rurale régionale";"PM10";"Fond";"Oui";"mesures fixes";"Moy. annuelle";"4.0";"4.38943168865006";"µg-m3";"96.0";"73.0";"70.0";"N";"-1";"-21.204815";"55.58262"
"2025/01/01 00:00:00";"2025/12/31 23:59:59";"ATMO REUNION";"FR04ZAR02";"ZAR VOLCAN";"FR38017";"Grand Coude";"Rurale régionale";"PM10";"Fond";"Oui";"mesures fixes";"Moy. annuelle";"4.0";"4.381801994301974";"µg-m3";"80.0";"80.0";"64.0";"N";"-1";"-21.29433";"55.62793"
"2025/01/01 00:00:00";"2025/12/31 23:59:59";"ATMO REUNION";"FR04ZAR01";"ZAR SAINT-DENIS";"FR38020";"Plateau Caillou";"Urbaine";"PM10";"Fond";"Oui";"mesures fixes";"Moy. annuelle";"8.0";"7.857658473479987";"µg-m3";"88.0";"100.0";"88.0";"R";"1";"-21.022112";"55.266773"
"2025/01/01 00:00:00";"2025/12/31 23:59:59";"ATMO REUNION";"FR04ZAR01";"ZAR SAINT-DENIS";"FR38021";"Grand Fond";"Périurbaine";"PM10";"Fond";"Oui";"mesures fixes";"Moy. annuelle";"21.0";"21.098876404494373";"µg-m3";"81.0";"42.0";"35.0";"N";"-1";"-21.032139";"55.232563"
"2025/01/01 00:00:00";"2025/12/31 23:59:59";"ATMO REUNION";"FR04ZAR01";"ZAR SAINT-DENIS";"FR38022";"Chaussée Royale";"Urbaine";"PM10";"Trafic";"Oui";"mesures fixes";"Moy. annuelle";"17.0";"16.63140137365948";"µg-m3";"95.0";"100.0";"95.0";"R";"1";"-20.998577";"55.28062"
"2025/01/01 00:00:00";"2025/12/31 23:59:59";"ATMO REUNION";"FR04ZAR02";"ZAR VOLCAN";"FR38023";"BD BANKS";"Urbaine";"PM10";"Trafic";"Oui";"mesures fixes";"Moy. annuelle";"23.0";"23.357205781142376";"µg-m3";"83.0";"100.0";"83.0";"N";"-1";"-21.331703";"55.478949"
"2025/01/01 00:00:00";"2025/12/31 23:59:59";"ATMO REUNION";"FR04ZRE01";"ZR LA REUNION";"FR38024";"RDT SAINT-LEU";"Rurale près des villes";"PM10";"Trafic";"Oui";"mesures fixes";"Moy. annuelle";"17.0";"16.849519822703765";"µg-m3";"95.0";"97.0";"93.0";"R";"1";"-21.213212";"55.302844"
"2025/01/01 00:00:00";"2025/12/31 23:59:59";"MADININAIR";"FR02ZAR01";"ZAR FORT-DE-FRANCE";"FR39008";"Ville de Schoelcher";"Urbaine";"PM10";"Fond";"Oui";"mesures fixes";"Moy. annuelle";"20.0";"20.27502028515125";"µg-m3";"98.0";"100.0";"98.0";"R";"1";"14.616389";"-61.100792"
"2025/01/01 00:00:00";"2025/12/31 23:59:59";"MADININAIR";"FR02ZAR01";"ZAR FORT-DE-FRANCE";"FR39009";"Lamentin";"Urbaine";"PM10";"Fond";"Oui";"mesures fixes";"Moy. annuelle";"22.0";"22.450130672368683";"µg-m3";"96.0";"100.0";"96.0";"R";"1";"14.610653";"-61.002586"
"2025/01/01 00:00:00";"2025/12/31 23:59:59";"MADININAIR";"FR02ZAR01";"ZAR FORT-DE-FRANCE";"FR39011";"Reneville";"Urbaine";"PM10";"Trafic";"Oui";"mesures fixes";"Moy. annuelle";"30.0";"30.230757139114452";"µg-m3";"87.0";"100.0";"87.0";"R";"1";"14.614111";"-61.0530833"
"2025/01/01 00:00:00";"2025/12/31 23:59:59";"MADININAIR";"FR02ZRE01";"ZR MARTINIQUE";"FR39014";"Sainte_Luce";"Périurbaine";"PM10";"Fond";"Oui";"mesures fixes";"Moy. annuelle";"18.0";"18.04724919093856";"µg-m3";"99.0";"100.0";"99.0";"R";"1";"14.468869";"-60.927417"
"2025/01/01 00:00:00";"2025/12/31 23:59:59";"MADININAIR";"FR02ZAR01";"ZAR FORT-DE-FRANCE";"FR39015";"Fort-de-France - Hôtel de ville";"Urbaine";"PM10";"Fond";"Oui";"mesures fixes";"Moy. annuelle";"20.0";"19.90597322348091";"µg-m3";"100.0";"100.0";"100.0";"R";"1";"14.607444";"-61.069778"
"2025/01/01 00:00:00";"2025/12/31 23:59:59";"MADININAIR";"FR02ZAR01";"ZAR FORT-DE-FRANCE";"FR39016";"Robert Bourg";"Urbaine";"PM10";"Fond";"Oui";"mesures fixes";"Moy. annuelle";"17.0";"16.72129333661173";"µg-m3";"95.0";"98.0";"93.0";"R";"1";"14.678025";"-60.939056"
"2025/01/01 00:00:00";"2025/12/31 23:59:59";"ATMO GUYANE";"FR03ZRE01";"ZR GUYANE";"FR40006";"Kourou Gaston Monnerville Brady";"Urbaine";"PM10";"Fond";"Oui";"mesures fixes";"Moy. annuelle";"17.0";"16.78771126760566";"µg/m3";"98.0";"99.0";"97.0";"R";"1";"5.164248";"-52.64649"
"2025/01/01 00:00:00";"2025/12/31 23:59:59";"ATMO GUYANE";"FR03ZAR01";"ZAR ILE-DE-CAYENNE";"FR40008";"Caiena3";"Urbaine";"PM10";"Fond";"Oui";"mesures fixes";"Moy. annuelle";"19.0";"19.032906295754028";"µg-m3";"96.0";"98.0";"94.0";"R";"1";"4.9378467";"-52.32093"
"2025/01/01 00:00:00";"2025/12/31 23:59:59";"ATMO GUYANE";"FR03ZAR01";"ZAR ILE-DE-CAYENNE";"FR40009";"Cayenne-Bouchon";"Urbaine";"PM10";"Trafic";"Oui";"mesures fixes";"Moy. annuelle";"20.0";"20.348346705567767";"µg/m3";"95.0";"99.0";"94.0";"R";"1";"4.920833";"-52.321944"
"2025/01/01 00:00:00";"2025/12/31 23:59:59";"QUALITAIR CORSE";"FR94ZAR01";"ZAR AJACCIO";"FR41001";"AJACCIO CANETTO";"Urbaine";"PM10";"Fond";"Oui";"mesures fixes";"Moy. annuelle";"15.0";"14.685704490915338";"µg-m3";"100.0";"100.0";"100.0";"R";"1";"41.924694";"8.735694"
"2025/01/01 00:00:00";"2025/12/31 23:59:59";"QUALITAIR CORSE";"FR94ZAR02";"ZAR BASTIA";"FR41002";"BASTIA GIRAUD";"Urbaine";"PM10";"Fond";"Oui";"mesures fixes";"Moy. annuelle";"12.0";"11.704818996624379";"µg-m3";"98.0";"100.0";"98.0";"R";"1";"42.697917";"9.446417"
"2025/01/01 00:00:00";"2025/12/31 23:59:59";"QUALITAIR CORSE";"FR94ZAR02";"ZAR BASTIA";"FR41004";"BASTIA LA MARANA";"Périurbaine";"PM10";"Industrielle";"Oui";"mesures fixes";"Moy. annuelle";"11.0";"11.495809925093623";"µg-m3";"98.0";"100.0";"98.0";"R";"1";"42.535833";"9.475972"
"2025/01/01 00:00:00";"2025/12/31 23:59:59";"QUALITAIR CORSE";"FR94ZAR02";"ZAR BASTIA";"FR41017";"BASTIA MONTESORO";"Périurbaine";"PM10";"Fond";"Oui";"mesures fixes";"Moy. annuelle";"11.0";"11.4279754601227";"µg-m3";"93.0";"100.0";"93.0";"R";"1";"42.671333";"9.434639"
"2025/01/01 00:00:00";"2025/12/31 23:59:59";"QUALITAIR CORSE";"FR94ZRE01";"ZR CORSE";"FR41024";"VENACO";"Rurale régionale";"PM10";"Fond";"Oui";"mesures fixes";"Moy. annuelle";"9.0";"9.183583333333337";"µg-m3";"96.0";"99.0";"96.0";"R";"1";"42.236028";"9.190028"
"2025/01/01 00:00:00";"2025/12/31 23:59:59";"QUALITAIR CORSE";"FR94ZAR01";"ZAR AJACCIO";"FR41059";"AJACCIO ABBATUCCI";"Urbaine";"PM10";"Trafic";"Oui";"mesures fixes";"Moy. annuelle";"23.0";"22.822547770700634";"µg-m3";"88.0";"10.0";"9.0";"N";"-1";"41.92575";"8.738278"
"2025/01/01 00:00:00";"2025/12/31 23:59:59";"QUALITAIR CORSE";"FR94ZAR02";"ZAR BASTIA";"FR41060";"BASTIA FANGO";"Urbaine";"PM10";"Trafic";"Oui";"mesures fixes";"Moy. annuelle";"12.0";"12.309721027405644";"µg-m3";"96.0";"97.0";"93.0";"R";"1";"42.702833";"9.446389"
"2025/01/01 00:00:00";"2025/12/31 23:59:59";"QUALITAIR CORSE";"FR94ZAR01";"ZAR AJACCIO";"FR41063";"AJACCIO CONFINA 2";"Périurbaine";"PM10";"Fond";"Oui";"mesures fixes";"Moy. annuelle";"15.0";"15.486065573770539";"µg-m3";"93.0";"100.0";"93.0";"R";"1";"41.94768611";"8.79615833"
"2025/01/01 00:00:00";"2025/12/31 23:59:59";"QUALITAIR CORSE";"FR94ZAR01";"ZAR AJACCIO";"FR41073";"AJACCIO NAPOLEON";"Urbaine";"PM10";"Trafic";"Oui";"mesures fixes";"Moy. annuelle";"21.0";"21.426104868913786";"µg-m3";"82.0";"37.0";"30.0";"N";"-1";"41.929967";"8.739364"
"2025/01/01 00:00:00";"2025/12/31 23:59:59";"ATMO GRAND EST";"FR44ZAG01";"ZAG STRASBOURG";"FR42010";"Strasbourg Neudorf Ecoquartier Danube";"Urbaine";"PM10";"Fond";"Oui";"mesures fixes";"Moy. annuelle";"16.0";"16.3358710562414";"µg-m3";"100.0";"100.0";"100.0";"R";"1";"48.572808";"7.767833"
"2025/01/01 00:00:00";"2025/12/31 23:59:59";"HAWA MAYOTTE";"FR06ZRE01";"ZR MAYOTTE";"FR43001";"Kawéni Village";"Urbaine";"PM10";"Trafic";"Oui";"mesures fixes";"Moy. annuelle";"35.0";"34.56597261836842";"µg-m3";"89.0";"45.0";"40.0";"N";"-1";"-12.772944";"45.223206"
"2025/01/01 00:00:00";"2025/12/31 23:59:59";"HAWA MAYOTTE";"FR06ZRE01";"ZR MAYOTTE";"FR43002";"Convalescence";"Urbaine";"PM10";"Fond";"Oui";"mesures fixes";"Moy. annuelle";"17.0";"17.42825112107619";"µg-m3";"94.0";"98.0";"92.0";"R";"1";"-12.778186";"45.220235"
"2025/01/01 00:00:00";"2025/12/31 23:59:59";"HAWA MAYOTTE";"FR06ZRE01";"ZR MAYOTTE";"FR43099";"Kawéni Nord";"Périurbaine";"PM10";"Trafic";"Oui";"mesures fixes";"Moy. annuelle";"51.0";"51.3400149812734";"µg-m3";"82.0";"93.0";"76.0";"N";"-1";"-12.761174";"45.226197"
"2025/01/01 00:00:00";"2025/12/31 23:59:59";"ATMO OCCITANIE";"FR76ZRE01";"ZR OCCITANIE";"FR50060";"Montauban - Ramierou";"Urbaine";"PM10";"Fond";"Oui";"mesures fixes";"Moy. annuelle";"14.0";"13.533329499712483";"µg/m3";"99.0";"100.0";"99.0";"R";"1";"44.01285657";"1.37530522"
"2025/01/01 00:00:00";"2025/12/31 23:59:59";"ATMO OCCITANIE";"FR76ZAR01";"ZAR PERPIGNAN";"FR50224";"Perpignan bd Pyrénées";"Urbaine";"PM10";"Trafic";"Oui";"mesures fixes";"Moy. annuelle";"22.0";"22.120262972528803";"µg-m3";"97.0";"100.0";"97.0";"R";"1";"42.69587";"2.888483"
"2025/01/01 00:00:00";"2025/12/31 23:59:59";"ATMO OCCITANIE";"FR76ZAG02";"ZAG MONTPELLIER";"FR50225";"Montpellier Liberté";"Urbaine";"PM10";"Trafic";"Oui";"mesures fixes";"Moy. annuelle";"26.0";"25.589753475873387";"µg/m3";"98.0";"100.0";"98.0";"R";"1";"43.611606";"3.827868"
"2025/01/01 00:00:00";"2025/12/31 23:59:59";"ATMO BOURGOGNE-FRANCHE-COMTE";"FR27ZAR03";"ZAR BESANCON";"FR82006";"Besançon Prévoyance";"Urbaine";"PM10";"Fond";"Oui";"mesures fixes";"Moy. annuelle";"13.0";"13.243025838886917";"µg-m3";"98.0";"100.0";"98.0";"R";"1";"47.2474";"6.015419"
"2025/01/01 00:00:00";"2025/12/31 23:59:59";"ATMO BOURGOGNE-FRANCHE-COMTE";"FR27ZAR01";"ZAR BELFORT-MONTBELIARD";"FR82010";"Montbéliard centre";"Urbaine";"PM10";"Fond";"Oui";"mesures fixes";"Moy. annuelle";"14.0";"13.762641380098199";"µg-m3";"100.0";"100.0";"100.0";"R";"1";"47.510307";"6.794"
"2025/01/01 00:00:00";"2025/12/31 23:59:59";"ATMO BOURGOGNE-FRANCHE-COMTE";"FR27ZAR01";"ZAR BELFORT-MONTBELIARD";"FR82020";"Belfort Octroi";"Urbaine";"PM10";"Trafic";"Oui";"mesures fixes";"Moy. annuelle";"14.0";"14.168350554917717";"µg-m3";"96.0";"31.0";"30.0";"N";"-1";"47.640667";"6.859278"
"2025/01/01 00:00:00";"2025/12/31 23:59:59";"ATMO BOURGOGNE-FRANCHE-COMTE";"FR27ZAR01";"ZAR BELFORT-MONTBELIARD";"FR82021";"Belfort centre";"Urbaine";"PM10";"Fond";"Oui";"mesures fixes";"Moy. annuelle";"15.0";"14.567785396367164";"µg-m3";"95.0";"100.0";"95.0";"R";"1";"47.630755";"6.858944"
"2025/01/01 00:00:00";"2025/12/31 23:59:59";"ATMO BOURGOGNE-FRANCHE-COMTE";"FR27ZRE01";"ZR BOURGOGNE-FRANCHE-COMTE";"FR82030";"Montandon Baresans";"Rurale nationale";"PM10";"Fond";"Oui";"mesures fixes";"Moy. annuelle";"9.0";"8.517301038062264";"µg-m3";"99.0";"97.0";"96.0";"R";"1";"47.29464";"6.825861"
"2025/01/01 00:00:00";"2025/12/31 23:59:59";"ATMO BOURGOGNE-FRANCHE-COMTE";"FR27ZRE01";"ZR BOURGOGNE-FRANCHE-COMTE";"FR82040";"Dole centre";"Urbaine";"PM10";"Fond";"Oui";"mesures fixes";"Moy. annuelle";"13.0";"12.595013805424767";"µg-m3";"70.0";"100.0";"70.0";"N";"-1";"47.09672";"5.496389"
"2025/01/01 00:00:00";"2025/12/31 23:59:59";"ATMO BOURGOGNE-FRANCHE-COMTE";"FR27ZRE01";"ZR BOURGOGNE-FRANCHE-COMTE";"FR82043";"Chatenois";"Rurale près des villes";"PM10";"Industrielle";"Oui";"mesures fixes";"Moy. annuelle";"11.0";"11.363388123011672";"µg-m3";"97.0";"89.0";"86.0";"R";"1";"47.147231";"5.556211"
"2025/01/01 00:00:00";"2025/12/31 23:59:59";"ATMO BOURGOGNE-FRANCHE-COMTE";"FR27ZRE01";"ZR BOURGOGNE-FRANCHE-COMTE";"FR82060";"Vesoul Pres Caillet";"Urbaine";"PM10";"Fond";"Oui";"mesures fixes";"Moy. annuelle";"14.0";"13.710181945416348";"µg-m3";"98.0";"100.0";"98.0";"R";"1";"47.620022";"6.157642"
"2025/01/01 00:00:00";"2025/12/31 23:59:59";"ATMO BOURGOGNE-FRANCHE-COMTE";"FR27ZRE01";"ZR BOURGOGNE-FRANCHE-COMTE";"FR82070";"Baume-les-Dames";"Urbaine";"PM10";"Trafic";"Oui";"mesures fixes";"Moy. annuelle";"14.0";"14.039521442607793";"µg-m3";"99.0";"100.0";"99.0";"R";"1";"47.351288";"6.359722"
